Amounts Effective from April to June 2024 / Montants en vigueur d'avril à juin 2024,,,,,
"Combined Yearly Income of couple (excluding OAS, GIS and Allowance) From ($)","Combined Yearly Income of couple (excluding OAS, GIS and Allowance) To ($)",Total Monthly GIS (for a person receiving the full OAS Pension) ($),Combined Monthly OAS Pension and GIS (age 65 to 74) ($),Combined Monthly OAS Pension and GIS (age 75 and over) ($),Total Monthly Allowance ($)
"Revenu annuel du couple (excluant la pension de la SV, le SRG et l'Allocation) De ($)","Revenu annuel du couple (excluant la pension de la SV, le SRG et l'Allocation) À ($)",Total mensuel pour le SRG (pour une personne recevant la pleine pension de la SV) ($),Total mensuel de la pension de la SV et du SRG (65 à 74 ans) ($),Total mensuel de la pension de la SV et du SRG (75 ans et plus) ($),Total mensuel pour l'Allocation  ($)
0,47.99,641.35,1354.69,1426.02,1354.69
48,95.99,641.35,1354.69,1426.02,1351.69
96,143.99,641.35,1354.69,1426.02,1348.69
144,191.99,641.35,1354.69,1426.02,1345.69
192,239.99,641.35,1354.69,1426.02,1342.69
240,287.99,641.35,1354.69,1426.02,1339.69
288,335.99,641.35,1354.69,1426.02,1336.69
336,383.99,641.35,1354.69,1426.02,1333.69
384,431.99,641.35,1354.69,1426.02,1330.69
432,479.99,641.35,1354.69,1426.02,1327.69
480,527.99,641.35,1354.69,1426.02,1324.69
528,575.99,641.35,1354.69,1426.02,1321.69
576,623.99,641.35,1354.69,1426.02,1318.69
624,671.99,641.35,1354.69,1426.02,1315.69
672,719.99,641.35,1354.69,1426.02,1312.69
720,767.99,641.35,1354.69,1426.02,1309.69
768,815.99,641.35,1354.69,1426.02,1306.69
816,863.99,641.35,1354.69,1426.02,1303.69
864,911.99,641.35,1354.69,1426.02,1300.69
912,959.99,641.35,1354.69,1426.02,1297.69
960,1007.99,641.35,1354.69,1426.02,1294.69
1008,1055.99,641.35,1354.69,1426.02,1291.69
1056,1103.99,641.35,1354.69,1426.02,1288.69
1104,1151.99,641.35,1354.69,1426.02,1285.69
1152,1199.99,641.35,1354.69,1426.02,1282.69
1200,1247.99,641.35,1354.69,1426.02,1279.69
1248,1295.99,641.35,1354.69,1426.02,1276.69
1296,1343.99,641.35,1354.69,1426.02,1273.69
1344,1391.99,641.35,1354.69,1426.02,1270.69
1392,1439.99,641.35,1354.69,1426.02,1267.69
1440,1487.99,641.35,1354.69,1426.02,1264.69
1488,1535.99,641.35,1354.69,1426.02,1261.69
1536,1583.99,641.35,1354.69,1426.02,1258.69
1584,1631.99,641.35,1354.69,1426.02,1255.69
1632,1679.99,641.35,1354.69,1426.02,1252.69
1680,1727.99,641.35,1354.69,1426.02,1249.69
1728,1775.99,641.35,1354.69,1426.02,1246.69
1776,1823.99,641.35,1354.69,1426.02,1243.69
1824,1871.99,641.35,1354.69,1426.02,1240.69
1872,1919.99,641.35,1354.69,1426.02,1237.69
1920,1967.99,641.35,1354.69,1426.02,1234.69
1968,2015.99,641.35,1354.69,1426.02,1231.69
2016,2063.99,641.35,1354.69,1426.02,1228.69
2064,2111.99,641.35,1354.69,1426.02,1225.69
2112,2159.99,641.35,1354.69,1426.02,1222.69
2160,2207.99,641.35,1354.69,1426.02,1219.69
2208,2255.99,641.35,1354.69,1426.02,1216.69
2256,2303.99,641.35,1354.69,1426.02,1213.69
2304,2351.99,641.35,1354.69,1426.02,1210.69
2352,2399.99,641.35,1354.69,1426.02,1207.69
2400,2447.99,641.35,1354.69,1426.02,1204.69
2448,2495.99,641.35,1354.69,1426.02,1201.69
2496,2543.99,641.35,1354.69,1426.02,1198.69
2544,2591.99,641.35,1354.69,1426.02,1195.69
2592,2639.99,641.35,1354.69,1426.02,1192.69
2640,2687.99,641.35,1354.69,1426.02,1189.69
2688,2735.99,641.35,1354.69,1426.02,1186.69
2736,2783.99,641.35,1354.69,1426.02,1183.69
2784,2831.99,641.35,1354.69,1426.02,1180.69
2832,2879.99,641.35,1354.69,1426.02,1177.69
2880,2927.99,641.35,1354.69,1426.02,1174.69
2928,2975.99,641.35,1354.69,1426.02,1171.69
2976,3023.99,641.35,1354.69,1426.02,1168.69
3024,3071.99,641.35,1354.69,1426.02,1165.69
3072,3119.99,641.35,1354.69,1426.02,1162.69
3120,3167.99,641.35,1354.69,1426.02,1159.69
3168,3215.99,641.35,1354.69,1426.02,1156.69
3216,3263.99,641.35,1354.69,1426.02,1153.69
3264,3311.99,641.35,1354.69,1426.02,1150.69
3312,3359.99,641.35,1354.69,1426.02,1147.69
3360,3407.99,641.35,1354.69,1426.02,1144.69
3408,3455.99,641.35,1354.69,1426.02,1141.69
3456,3503.99,641.35,1354.69,1426.02,1138.69
3504,3551.99,641.35,1354.69,1426.02,1135.69
3552,3599.99,641.35,1354.69,1426.02,1132.69
3600,3647.99,641.35,1354.69,1426.02,1129.69
3648,3695.99,641.35,1354.69,1426.02,1126.69
3696,3743.99,641.35,1354.69,1426.02,1123.69
3744,3791.99,641.35,1354.69,1426.02,1120.69
3792,3839.99,641.35,1354.69,1426.02,1117.69
3840,3887.99,641.35,1354.69,1426.02,1114.69
3888,3935.99,641.35,1354.69,1426.02,1111.69
3936,3983.99,641.35,1354.69,1426.02,1108.69
3984,4031.99,641.35,1354.69,1426.02,1105.69
4032,4079.99,641.35,1354.69,1426.02,1102.69
4080,4095.99,641.35,1354.69,1426.02,1099.69
4096,4127.99,640.35,1353.69,1425.02,1098.69
4128,4175.99,640.35,1353.69,1425.02,1095.69
4176,4191.99,640.35,1353.69,1425.02,1092.69
4192,4223.99,639.35,1352.69,1424.02,1091.69
4224,4271.99,639.35,1352.69,1424.02,1088.69
4272,4287.99,639.35,1352.69,1424.02,1085.69
4288,4319.99,638.35,1351.69,1423.02,1084.69
4320,4367.99,638.35,1351.69,1423.02,1081.69
4368,4383.99,638.35,1351.69,1423.02,1078.69
4384,4415.99,637.35,1350.69,1422.02,1077.69
4416,4463.99,637.35,1350.69,1422.02,1074.69
4464,4479.99,637.35,1350.69,1422.02,1071.69
4480,4511.99,636.35,1349.69,1421.02,1070.69
4512,4559.99,636.35,1349.69,1421.02,1067.69
4560,4575.99,636.35,1349.69,1421.02,1064.69
4576,4607.99,635.35,1348.69,1420.02,1063.69
4608,4655.99,635.35,1348.69,1420.02,1060.69
4656,4671.99,635.35,1348.69,1420.02,1057.69
4672,4703.99,634.35,1347.69,1419.02,1056.69
4704,4751.99,634.35,1347.69,1419.02,1053.69
4752,4767.99,634.35,1347.69,1419.02,1050.69
4768,4799.99,633.35,1346.69,1418.02,1049.69
4800,4847.99,633.35,1346.69,1418.02,1046.69
4848,4863.99,633.35,1346.69,1418.02,1043.69
4864,4895.99,632.35,1345.69,1417.02,1042.69
4896,4943.99,632.35,1345.69,1417.02,1039.69
4944,4959.99,632.35,1345.69,1417.02,1036.69
4960,4991.99,631.35,1344.69,1416.02,1035.69
4992,5039.99,631.35,1344.69,1416.02,1032.69
5040,5055.99,631.35,1344.69,1416.02,1029.69
5056,5087.99,630.35,1343.69,1415.02,1028.69
5088,5135.99,630.35,1343.69,1415.02,1025.69
5136,5151.99,630.35,1343.69,1415.02,1022.69
5152,5183.99,629.35,1342.69,1414.02,1021.69
5184,5231.99,629.35,1342.69,1414.02,1018.69
5232,5247.99,629.35,1342.69,1414.02,1015.69
5248,5279.99,628.35,1341.69,1413.02,1014.69
5280,5327.99,628.35,1341.69,1413.02,1011.69
5328,5343.99,628.35,1341.69,1413.02,1008.69
5344,5375.99,627.35,1340.69,1412.02,1007.69
5376,5423.99,627.35,1340.69,1412.02,1004.69
5424,5439.99,627.35,1340.69,1412.02,1001.69
5440,5471.99,626.35,1339.69,1411.02,1000.69
5472,5519.99,626.35,1339.69,1411.02,997.69
5520,5535.99,626.35,1339.69,1411.02,994.69
5536,5567.99,625.35,1338.69,1410.02,993.69
5568,5615.99,625.35,1338.69,1410.02,990.69
5616,5631.99,625.35,1338.69,1410.02,987.69
5632,5663.99,624.35,1337.69,1409.02,986.69
5664,5711.99,624.35,1337.69,1409.02,983.69
5712,5727.99,624.35,1337.69,1409.02,980.69
5728,5759.99,623.35,1336.69,1408.02,979.69
5760,5807.99,623.35,1336.69,1408.02,976.69
5808,5823.99,623.35,1336.69,1408.02,973.69
5824,5855.99,622.35,1335.69,1407.02,972.69
5856,5903.99,622.35,1335.69,1407.02,969.69
5904,5919.99,622.35,1335.69,1407.02,966.69
5920,5951.99,621.35,1334.69,1406.02,965.69
5952,5999.99,621.35,1334.69,1406.02,962.69
6000,6015.99,621.35,1334.69,1406.02,959.69
6016,6047.99,620.35,1333.69,1405.02,958.69
6048,6095.99,620.35,1333.69,1405.02,955.69
6096,6111.99,620.35,1333.69,1405.02,952.69
6112,6143.99,619.35,1332.69,1404.02,951.69
6144,6191.99,619.35,1332.69,1404.02,948.69
6192,6207.99,619.35,1332.69,1404.02,945.69
6208,6239.99,618.35,1331.69,1403.02,944.69
6240,6287.99,618.35,1331.69,1403.02,941.69
6288,6303.99,618.35,1331.69,1403.02,938.69
6304,6335.99,617.35,1330.69,1402.02,937.69
6336,6383.99,617.35,1330.69,1402.02,934.69
6384,6399.99,617.35,1330.69,1402.02,931.69
6400,6431.99,616.35,1329.69,1401.02,930.69
6432,6479.99,616.35,1329.69,1401.02,927.69
6480,6495.99,616.35,1329.69,1401.02,924.69
6496,6527.99,615.35,1328.69,1400.02,923.69
6528,6575.99,615.35,1328.69,1400.02,920.69
6576,6591.99,615.35,1328.69,1400.02,917.69
6592,6623.99,614.35,1327.69,1399.02,916.69
6624,6671.99,614.35,1327.69,1399.02,913.69
6672,6687.99,614.35,1327.69,1399.02,910.69
6688,6719.99,613.35,1326.69,1398.02,909.69
6720,6767.99,613.35,1326.69,1398.02,906.69
6768,6783.99,613.35,1326.69,1398.02,903.69
6784,6815.99,612.35,1325.69,1397.02,902.69
6816,6863.99,612.35,1325.69,1397.02,899.69
6864,6879.99,612.35,1325.69,1397.02,896.69
6880,6911.99,611.35,1324.69,1396.02,895.69
6912,6959.99,611.35,1324.69,1396.02,892.69
6960,6975.99,611.35,1324.69,1396.02,889.69
6976,7007.99,610.35,1323.69,1395.02,888.69
7008,7055.99,610.35,1323.69,1395.02,885.69
7056,7071.99,610.35,1323.69,1395.02,882.69
7072,7103.99,609.35,1322.69,1394.02,881.69
7104,7151.99,609.35,1322.69,1394.02,878.69
7152,7167.99,609.35,1322.69,1394.02,875.69
7168,7199.99,608.35,1321.69,1393.02,874.69
7200,7247.99,608.35,1321.69,1393.02,871.69
7248,7263.99,608.35,1321.69,1393.02,868.69
7264,7295.99,607.35,1320.69,1392.02,867.69
7296,7343.99,607.35,1320.69,1392.02,864.69
7344,7359.99,607.35,1320.69,1392.02,861.69
7360,7391.99,606.35,1319.69,1391.02,860.69
7392,7439.99,606.35,1319.69,1391.02,857.69
7440,7455.99,606.35,1319.69,1391.02,854.69
7456,7487.99,605.35,1318.69,1390.02,853.69
7488,7535.99,605.35,1318.69,1390.02,850.69
7536,7551.99,605.35,1318.69,1390.02,847.69
7552,7583.99,604.35,1317.69,1389.02,846.69
7584,7631.99,604.35,1317.69,1389.02,843.69
7632,7647.99,604.35,1317.69,1389.02,840.69
7648,7679.99,603.35,1316.69,1388.02,839.69
7680,7727.99,603.35,1316.69,1388.02,836.69
7728,7743.99,603.35,1316.69,1388.02,833.69
7744,7775.99,602.35,1315.69,1387.02,832.69
7776,7823.99,602.35,1315.69,1387.02,829.69
7824,7839.99,602.35,1315.69,1387.02,826.69
7840,7871.99,601.35,1314.69,1386.02,825.69
7872,7919.99,601.35,1314.69,1386.02,822.69
7920,7935.99,601.35,1314.69,1386.02,819.69
7936,7967.99,600.35,1313.69,1385.02,818.69
7968,8015.99,600.35,1313.69,1385.02,815.69
8016,8031.99,600.35,1313.69,1385.02,812.69
8032,8063.99,599.35,1312.69,1384.02,811.69
8064,8111.99,599.35,1312.69,1384.02,808.69
8112,8127.99,599.35,1312.69,1384.02,805.69
8128,8159.99,598.35,1311.69,1383.02,804.69
8160,8207.99,598.35,1311.69,1383.02,801.69
8208,8223.99,598.35,1311.69,1383.02,798.69
8224,8255.99,597.35,1310.69,1382.02,797.69
8256,8303.99,597.35,1310.69,1382.02,794.69
8304,8319.99,597.35,1310.69,1382.02,791.69
8320,8351.99,596.35,1309.69,1381.02,790.69
8352,8399.99,596.35,1309.69,1381.02,787.69
8400,8415.99,596.35,1309.69,1381.02,784.69
8416,8447.99,595.35,1308.69,1380.02,783.69
8448,8495.99,595.35,1308.69,1380.02,780.69
8496,8511.99,595.35,1308.69,1380.02,777.69
8512,8543.99,594.59,1307.93,1379.26,776.93
8544,8591.99,594.59,1307.93,1379.26,773.93
8592,8639.99,594.59,1307.93,1379.26,770.93
8640,8687.99,594.59,1307.93,1379.26,767.93
8688,8735.99,594.59,1307.93,1379.26,764.93
8736,8783.99,594.59,1307.93,1379.26,761.93
8784,8831.99,594.59,1307.93,1379.26,758.93
8832,8879.99,594.59,1307.93,1379.26,755.93
8880,8927.99,594.59,1307.93,1379.26,752.93
8928,8975.99,594.59,1307.93,1379.26,749.93
8976,9023.99,594.59,1307.93,1379.26,746.93
9024,9071.99,594.59,1307.93,1379.26,743.93
9072,9119.99,594.59,1307.93,1379.26,740.93
9120,9167.99,594.59,1307.93,1379.26,737.93
9168,9215.99,594.59,1307.93,1379.26,734.93
9216,9263.99,594.59,1307.93,1379.26,731.93
9264,9311.99,594.59,1307.93,1379.26,728.93
9312,9359.99,594.59,1307.93,1379.26,725.93
9360,9407.99,594.59,1307.93,1379.26,722.93
9408,9455.99,594.59,1307.93,1379.26,719.93
9456,9503.99,594.59,1307.93,1379.26,716.93
9504,9551.99,594.59,1307.93,1379.26,713.93
9552,9599.99,594.59,1307.93,1379.26,710.93
9600,9647.99,594.59,1307.93,1379.26,707.93
9648,9695.99,594.59,1307.93,1379.26,704.93
9696,9743.99,594.59,1307.93,1379.26,701.93
9744,9791.99,594.59,1307.93,1379.26,698.93
9792,9839.99,594.59,1307.93,1379.26,695.93
9840,9887.99,594.59,1307.93,1379.26,692.93
9888,9935.99,594.59,1307.93,1379.26,689.93
9936,9983.99,594.59,1307.93,1379.26,686.93
9984,10031.99,594.59,1307.93,1379.26,683.93
10032,10079.99,594.59,1307.93,1379.26,680.93
10080,10127.99,594.59,1307.93,1379.26,677.93
10128,10175.99,594.59,1307.93,1379.26,674.93
10176,10223.99,594.59,1307.93,1379.26,671.93
10224,10271.99,594.59,1307.93,1379.26,668.93
10272,10319.99,594.59,1307.93,1379.26,665.93
10320,10367.99,594.59,1307.93,1379.26,662.93
10368,10415.99,594.59,1307.93,1379.26,659.93
10416,10463.99,594.59,1307.93,1379.26,656.93
10464,10511.99,594.59,1307.93,1379.26,653.93
10512,10559.99,594.59,1307.93,1379.26,650.93
10560,10607.99,594.59,1307.93,1379.26,647.93
10608,10655.99,594.59,1307.93,1379.26,644.93
10656,10703.99,594.59,1307.93,1379.26,641.93
10704,10751.99,594.59,1307.93,1379.26,638.93
10752,10799.99,594.59,1307.93,1379.26,635.93
10800,10847.99,594.59,1307.93,1379.26,632.93
10848,10895.99,594.59,1307.93,1379.26,629.93
10896,10943.99,594.59,1307.93,1379.26,626.93
10944,10991.99,594.59,1307.93,1379.26,623.93
10992,11039.99,594.59,1307.93,1379.26,620.93
11040,11087.99,594.59,1307.93,1379.26,617.93
11088,11135.99,594.59,1307.93,1379.26,614.93
11136,11183.99,594.59,1307.93,1379.26,611.93
11184,11231.99,594.59,1307.93,1379.26,608.93
11232,11279.99,594.59,1307.93,1379.26,605.93
11280,11327.99,594.59,1307.93,1379.26,602.93
11328,11375.99,594.59,1307.93,1379.26,599.93
11376,11423.99,594.59,1307.93,1379.26,596.93
11424,11471.99,594.59,1307.93,1379.26,594.59
11472,11519.99,593.59,1306.93,1378.26,593.59
11520,11567.99,592.59,1305.93,1377.26,592.59
11568,11615.99,591.59,1304.93,1376.26,591.59
11616,11663.99,590.59,1303.93,1375.26,590.59
11664,11711.99,589.59,1302.93,1374.26,589.59
11712,11759.99,588.59,1301.93,1373.26,588.59
11760,11807.99,587.59,1300.93,1372.26,587.59
11808,11855.99,586.59,1299.93,1371.26,586.59
11856,11903.99,585.59,1298.93,1370.26,585.59
11904,11951.99,584.59,1297.93,1369.26,584.59
11952,11999.99,583.59,1296.93,1368.26,583.59
12000,12047.99,582.59,1295.93,1367.26,582.59
12048,12095.99,581.59,1294.93,1366.26,581.59
12096,12143.99,580.59,1293.93,1365.26,580.59
12144,12191.99,579.59,1292.93,1364.26,579.59
12192,12239.99,578.59,1291.93,1363.26,578.59
12240,12287.99,577.59,1290.93,1362.26,577.59
12288,12335.99,576.59,1289.93,1361.26,576.59
12336,12383.99,575.59,1288.93,1360.26,575.59
12384,12431.99,574.59,1287.93,1359.26,574.59
12432,12479.99,573.59,1286.93,1358.26,573.59
12480,12527.99,572.59,1285.93,1357.26,572.59
12528,12575.99,571.59,1284.93,1356.26,571.59
12576,12623.99,570.59,1283.93,1355.26,570.59
12624,12671.99,569.59,1282.93,1354.26,569.59
12672,12719.99,568.59,1281.93,1353.26,568.59
12720,12767.99,567.59,1280.93,1352.26,567.59
12768,12815.99,566.59,1279.93,1351.26,566.59
12816,12863.99,565.59,1278.93,1350.26,565.59
12864,12911.99,564.59,1277.93,1349.26,564.59
12912,12959.99,563.59,1276.93,1348.26,563.59
12960,13007.99,562.59,1275.93,1347.26,562.59
13008,13055.99,561.59,1274.93,1346.26,561.59
13056,13103.99,560.59,1273.93,1345.26,560.59
13104,13151.99,559.59,1272.93,1344.26,559.59
13152,13199.99,558.59,1271.93,1343.26,558.59
13200,13247.99,557.59,1270.93,1342.26,557.59
13248,13295.99,556.59,1269.93,1341.26,556.59
13296,13343.99,555.59,1268.93,1340.26,555.59
13344,13391.99,554.59,1267.93,1339.26,554.59
13392,13439.99,553.59,1266.93,1338.26,553.59
13440,13487.99,552.59,1265.93,1337.26,552.59
13488,13535.99,551.59,1264.93,1336.26,551.59
13536,13583.99,550.59,1263.93,1335.26,550.59
13584,13631.99,549.59,1262.93,1334.26,549.59
13632,13679.99,548.59,1261.93,1333.26,548.59
13680,13727.99,547.59,1260.93,1332.26,547.59
13728,13775.99,546.59,1259.93,1331.26,546.59
13776,13823.99,545.59,1258.93,1330.26,545.59
13824,13871.99,544.59,1257.93,1329.26,544.59
13872,13919.99,543.59,1256.93,1328.26,543.59
13920,13967.99,542.59,1255.93,1327.26,542.59
13968,14015.99,541.59,1254.93,1326.26,541.59
14016,14063.99,540.59,1253.93,1325.26,540.59
14064,14111.99,539.59,1252.93,1324.26,539.59
14112,14159.99,538.59,1251.93,1323.26,538.59
14160,14207.99,537.59,1250.93,1322.26,537.59
14208,14255.99,536.59,1249.93,1321.26,536.59
14256,14303.99,535.59,1248.93,1320.26,535.59
14304,14351.99,534.59,1247.93,1319.26,534.59
14352,14399.99,533.59,1246.93,1318.26,533.59
14400,14447.99,532.59,1245.93,1317.26,532.59
14448,14495.99,531.59,1244.93,1316.26,531.59
14496,14543.99,530.59,1243.93,1315.26,530.59
14544,14591.99,529.59,1242.93,1314.26,529.59
14592,14639.99,528.59,1241.93,1313.26,528.59
14640,14687.99,527.59,1240.93,1312.26,527.59
14688,14735.99,526.59,1239.93,1311.26,526.59
14736,14783.99,525.59,1238.93,1310.26,525.59
14784,14831.99,524.59,1237.93,1309.26,524.59
14832,14879.99,523.59,1236.93,1308.26,523.59
14880,14927.99,522.59,1235.93,1307.26,522.59
14928,14975.99,521.59,1234.93,1306.26,521.59
14976,15023.99,520.59,1233.93,1305.26,520.59
15024,15071.99,519.59,1232.93,1304.26,519.59
15072,15119.99,518.59,1231.93,1303.26,518.59
15120,15167.99,517.59,1230.93,1302.26,517.59
15168,15215.99,516.59,1229.93,1301.26,516.59
15216,15263.99,515.59,1228.93,1300.26,515.59
15264,15311.99,514.59,1227.93,1299.26,514.59
15312,15359.99,513.59,1226.93,1298.26,513.59
15360,15407.99,512.59,1225.93,1297.26,512.59
15408,15455.99,511.59,1224.93,1296.26,511.59
15456,15503.99,510.59,1223.93,1295.26,510.59
15504,15551.99,509.59,1222.93,1294.26,509.59
15552,15599.99,508.59,1221.93,1293.26,508.59
15600,15647.99,507.59,1220.93,1292.26,507.59
15648,15695.99,506.59,1219.93,1291.26,506.59
15696,15743.99,505.59,1218.93,1290.26,505.59
15744,15791.99,504.59,1217.93,1289.26,504.59
15792,15839.99,503.59,1216.93,1288.26,503.59
15840,15887.99,502.59,1215.93,1287.26,502.59
15888,15935.99,501.59,1214.93,1286.26,501.59
15936,15983.99,500.59,1213.93,1285.26,500.59
15984,16031.99,499.59,1212.93,1284.26,499.59
16032,16079.99,498.59,1211.93,1283.26,498.59
16080,16127.99,497.59,1210.93,1282.26,497.59
16128,16175.99,496.59,1209.93,1281.26,496.59
16176,16223.99,495.59,1208.93,1280.26,495.59
16224,16271.99,494.59,1207.93,1279.26,494.59
16272,16319.99,493.59,1206.93,1278.26,493.59
16320,16367.99,492.59,1205.93,1277.26,492.59
16368,16415.99,491.59,1204.93,1276.26,491.59
16416,16463.99,490.59,1203.93,1275.26,490.59
16464,16511.99,489.59,1202.93,1274.26,489.59
16512,16559.99,488.59,1201.93,1273.26,488.59
16560,16607.99,487.59,1200.93,1272.26,487.59
16608,16655.99,486.59,1199.93,1271.26,486.59
16656,16703.99,485.59,1198.93,1270.26,485.59
16704,16751.99,484.59,1197.93,1269.26,484.59
16752,16799.99,483.59,1196.93,1268.26,483.59
16800,16847.99,482.59,1195.93,1267.26,482.59
16848,16895.99,481.59,1194.93,1266.26,481.59
16896,16943.99,480.59,1193.93,1265.26,480.59
16944,16991.99,479.59,1192.93,1264.26,479.59
16992,17039.99,478.59,1191.93,1263.26,478.59
17040,17087.99,477.59,1190.93,1262.26,477.59
17088,17135.99,476.59,1189.93,1261.26,476.59
17136,17183.99,475.59,1188.93,1260.26,475.59
17184,17231.99,474.59,1187.93,1259.26,474.59
17232,17279.99,473.59,1186.93,1258.26,473.59
17280,17327.99,472.59,1185.93,1257.26,472.59
17328,17375.99,471.59,1184.93,1256.26,471.59
17376,17423.99,470.59,1183.93,1255.26,470.59
17424,17471.99,469.59,1182.93,1254.26,469.59
17472,17519.99,468.59,1181.93,1253.26,468.59
17520,17567.99,467.59,1180.93,1252.26,467.59
17568,17615.99,466.59,1179.93,1251.26,466.59
17616,17663.99,465.59,1178.93,1250.26,465.59
17664,17711.99,464.59,1177.93,1249.26,464.59
17712,17759.99,463.59,1176.93,1248.26,463.59
17760,17807.99,462.59,1175.93,1247.26,462.59
17808,17855.99,461.59,1174.93,1246.26,461.59
17856,17903.99,460.59,1173.93,1245.26,460.59
17904,17951.99,459.59,1172.93,1244.26,459.59
17952,17999.99,458.59,1171.93,1243.26,458.59
18000,18047.99,457.59,1170.93,1242.26,457.59
18048,18095.99,456.59,1169.93,1241.26,456.59
18096,18143.99,455.59,1168.93,1240.26,455.59
18144,18191.99,454.59,1167.93,1239.26,454.59
18192,18239.99,453.59,1166.93,1238.26,453.59
18240,18287.99,452.59,1165.93,1237.26,452.59
18288,18335.99,451.59,1164.93,1236.26,451.59
18336,18383.99,450.59,1163.93,1235.26,450.59
18384,18431.99,449.59,1162.93,1234.26,449.59
18432,18479.99,448.59,1161.93,1233.26,448.59
18480,18527.99,447.59,1160.93,1232.26,447.59
18528,18575.99,446.59,1159.93,1231.26,446.59
18576,18623.99,445.59,1158.93,1230.26,445.59
18624,18671.99,444.59,1157.93,1229.26,444.59
18672,18719.99,443.59,1156.93,1228.26,443.59
18720,18767.99,442.59,1155.93,1227.26,442.59
18768,18815.99,441.59,1154.93,1226.26,441.59
18816,18863.99,440.59,1153.93,1225.26,440.59
18864,18911.99,439.59,1152.93,1224.26,439.59
18912,18959.99,438.59,1151.93,1223.26,438.59
18960,19007.99,437.59,1150.93,1222.26,437.59
19008,19055.99,436.59,1149.93,1221.26,436.59
19056,19103.99,435.59,1148.93,1220.26,435.59
19104,19151.99,434.59,1147.93,1219.26,434.59
19152,19199.99,433.59,1146.93,1218.26,433.59
19200,19247.99,432.59,1145.93,1217.26,432.59
19248,19295.99,431.59,1144.93,1216.26,431.59
19296,19343.99,430.59,1143.93,1215.26,430.59
19344,19391.99,429.59,1142.93,1214.26,429.59
19392,19439.99,428.59,1141.93,1213.26,428.59
19440,19487.99,427.59,1140.93,1212.26,427.59
19488,19535.99,426.59,1139.93,1211.26,426.59
19536,19583.99,425.59,1138.93,1210.26,425.59
19584,19631.99,424.59,1137.93,1209.26,424.59
19632,19679.99,423.59,1136.93,1208.26,423.59
19680,19727.99,422.59,1135.93,1207.26,422.59
19728,19775.99,421.59,1134.93,1206.26,421.59
19776,19823.99,420.59,1133.93,1205.26,420.59
19824,19871.99,419.59,1132.93,1204.26,419.59
19872,19919.99,418.59,1131.93,1203.26,418.59
19920,19967.99,417.59,1130.93,1202.26,417.59
19968,20015.99,416.59,1129.93,1201.26,416.59
20016,20063.99,415.59,1128.93,1200.26,415.59
20064,20111.99,414.59,1127.93,1199.26,414.59
20112,20159.99,413.59,1126.93,1198.26,413.59
20160,20207.99,412.59,1125.93,1197.26,412.59
20208,20255.99,411.59,1124.93,1196.26,411.59
20256,20303.99,410.59,1123.93,1195.26,410.59
20304,20351.99,409.59,1122.93,1194.26,409.59
20352,20399.99,408.59,1121.93,1193.26,408.59
20400,20447.99,407.59,1120.93,1192.26,407.59
20448,20495.99,406.59,1119.93,1191.26,406.59
20496,20543.99,405.59,1118.93,1190.26,405.59
20544,20591.99,404.59,1117.93,1189.26,404.59
20592,20639.99,403.59,1116.93,1188.26,403.59
20640,20687.99,402.59,1115.93,1187.26,402.59
20688,20735.99,401.59,1114.93,1186.26,401.59
20736,20783.99,400.59,1113.93,1185.26,400.59
20784,20831.99,399.59,1112.93,1184.26,399.59
20832,20879.99,398.59,1111.93,1183.26,398.59
20880,20927.99,397.59,1110.93,1182.26,397.59
20928,20975.99,396.59,1109.93,1181.26,396.59
20976,21023.99,395.59,1108.93,1180.26,395.59
21024,21071.99,394.59,1107.93,1179.26,394.59
21072,21119.99,393.59,1106.93,1178.26,393.59
21120,21167.99,392.59,1105.93,1177.26,392.59
21168,21215.99,391.59,1104.93,1176.26,391.59
21216,21263.99,390.59,1103.93,1175.26,390.59
21264,21311.99,389.59,1102.93,1174.26,389.59
21312,21359.99,388.59,1101.93,1173.26,388.59
21360,21407.99,387.59,1100.93,1172.26,387.59
21408,21455.99,386.59,1099.93,1171.26,386.59
21456,21503.99,385.59,1098.93,1170.26,385.59
21504,21551.99,384.59,1097.93,1169.26,384.59
21552,21599.99,383.59,1096.93,1168.26,383.59
21600,21647.99,382.59,1095.93,1167.26,382.59
21648,21695.99,381.59,1094.93,1166.26,381.59
21696,21743.99,380.59,1093.93,1165.26,380.59
21744,21791.99,379.59,1092.93,1164.26,379.59
21792,21839.99,378.59,1091.93,1163.26,378.59
21840,21887.99,377.59,1090.93,1162.26,377.59
21888,21935.99,376.59,1089.93,1161.26,376.59
21936,21983.99,375.59,1088.93,1160.26,375.59
21984,22031.99,374.59,1087.93,1159.26,374.59
22032,22079.99,373.59,1086.93,1158.26,373.59
22080,22127.99,372.59,1085.93,1157.26,372.59
22128,22175.99,371.59,1084.93,1156.26,371.59
22176,22223.99,370.59,1083.93,1155.26,370.59
22224,22271.99,369.59,1082.93,1154.26,369.59
22272,22319.99,368.59,1081.93,1153.26,368.59
22320,22367.99,367.59,1080.93,1152.26,367.59
22368,22415.99,366.59,1079.93,1151.26,366.59
22416,22463.99,365.59,1078.93,1150.26,365.59
22464,22511.99,364.59,1077.93,1149.26,364.59
22512,22559.99,363.59,1076.93,1148.26,363.59
22560,22607.99,362.59,1075.93,1147.26,362.59
22608,22655.99,361.59,1074.93,1146.26,361.59
22656,22703.99,360.59,1073.93,1145.26,360.59
22704,22751.99,359.59,1072.93,1144.26,359.59
22752,22799.99,358.59,1071.93,1143.26,358.59
22800,22847.99,357.59,1070.93,1142.26,357.59
22848,22895.99,356.59,1069.93,1141.26,356.59
22896,22943.99,355.59,1068.93,1140.26,355.59
22944,22991.99,354.59,1067.93,1139.26,354.59
22992,23039.99,353.59,1066.93,1138.26,353.59
23040,23087.99,352.59,1065.93,1137.26,352.59
23088,23135.99,351.59,1064.93,1136.26,351.59
23136,23183.99,350.59,1063.93,1135.26,350.59
23184,23231.99,349.59,1062.93,1134.26,349.59
23232,23279.99,348.59,1061.93,1133.26,348.59
23280,23327.99,347.59,1060.93,1132.26,347.59
23328,23375.99,346.59,1059.93,1131.26,346.59
23376,23423.99,345.59,1058.93,1130.26,345.59
23424,23471.99,344.59,1057.93,1129.26,344.59
23472,23519.99,343.59,1056.93,1128.26,343.59
23520,23567.99,342.59,1055.93,1127.26,342.59
23568,23615.99,341.59,1054.93,1126.26,341.59
23616,23663.99,340.59,1053.93,1125.26,340.59
23664,23711.99,339.59,1052.93,1124.26,339.59
23712,23759.99,338.59,1051.93,1123.26,338.59
23760,23807.99,337.59,1050.93,1122.26,337.59
23808,23855.99,336.59,1049.93,1121.26,336.59
23856,23903.99,335.59,1048.93,1120.26,335.59
23904,23951.99,334.59,1047.93,1119.26,334.59
23952,23999.99,333.59,1046.93,1118.26,333.59
24000,24047.99,332.59,1045.93,1117.26,332.59
24048,24095.99,331.59,1044.93,1116.26,331.59
24096,24143.99,330.59,1043.93,1115.26,330.59
24144,24191.99,329.59,1042.93,1114.26,329.59
24192,24239.99,328.59,1041.93,1113.26,328.59
24240,24287.99,327.59,1040.93,1112.26,327.59
24288,24335.99,326.59,1039.93,1111.26,326.59
24336,24383.99,325.59,1038.93,1110.26,325.59
24384,24431.99,324.59,1037.93,1109.26,324.59
24432,24479.99,323.59,1036.93,1108.26,323.59
24480,24527.99,322.59,1035.93,1107.26,322.59
24528,24575.99,321.59,1034.93,1106.26,321.59
24576,24623.99,320.59,1033.93,1105.26,320.59
24624,24671.99,319.59,1032.93,1104.26,319.59
24672,24719.99,318.59,1031.93,1103.26,318.59
24720,24767.99,317.59,1030.93,1102.26,317.59
24768,24815.99,316.59,1029.93,1101.26,316.59
24816,24863.99,315.59,1028.93,1100.26,315.59
24864,24911.99,314.59,1027.93,1099.26,314.59
24912,24959.99,313.59,1026.93,1098.26,313.59
24960,25007.99,312.59,1025.93,1097.26,312.59
25008,25055.99,311.59,1024.93,1096.26,311.59
25056,25103.99,310.59,1023.93,1095.26,310.59
25104,25151.99,309.59,1022.93,1094.26,309.59
25152,25199.99,308.59,1021.93,1093.26,308.59
25200,25247.99,307.59,1020.93,1092.26,307.59
25248,25295.99,306.59,1019.93,1091.26,306.59
25296,25343.99,305.59,1018.93,1090.26,305.59
25344,25391.99,304.59,1017.93,1089.26,304.59
25392,25439.99,303.59,1016.93,1088.26,303.59
25440,25487.99,302.59,1015.93,1087.26,302.59
25488,25535.99,301.59,1014.93,1086.26,301.59
25536,25583.99,300.59,1013.93,1085.26,300.59
25584,25631.99,299.59,1012.93,1084.26,299.59
25632,25679.99,298.59,1011.93,1083.26,298.59
25680,25727.99,297.59,1010.93,1082.26,297.59
25728,25775.99,296.59,1009.93,1081.26,296.59
25776,25823.99,295.59,1008.93,1080.26,295.59
25824,25871.99,294.59,1007.93,1079.26,294.59
25872,25919.99,293.59,1006.93,1078.26,293.59
25920,25967.99,292.59,1005.93,1077.26,292.59
25968,26015.99,291.59,1004.93,1076.26,291.59
26016,26063.99,290.59,1003.93,1075.26,290.59
26064,26111.99,289.59,1002.93,1074.26,289.59
26112,26159.99,288.59,1001.93,1073.26,288.59
26160,26207.99,287.59,1000.93,1072.26,287.59
26208,26255.99,286.59,999.93,1071.26,286.59
26256,26303.99,285.59,998.93,1070.26,285.59
26304,26351.99,284.59,997.93,1069.26,284.59
26352,26399.99,283.59,996.93,1068.26,283.59
26400,26447.99,282.59,995.93,1067.26,282.59
26448,26495.99,281.59,994.93,1066.26,281.59
26496,26543.99,280.59,993.93,1065.26,280.59
26544,26591.99,279.59,992.93,1064.26,279.59
26592,26639.99,278.59,991.93,1063.26,278.59
26640,26687.99,277.59,990.93,1062.26,277.59
26688,26735.99,276.59,989.93,1061.26,276.59
26736,26783.99,275.59,988.93,1060.26,275.59
26784,26831.99,274.59,987.93,1059.26,274.59
26832,26879.99,273.59,986.93,1058.26,273.59
26880,26927.99,272.59,985.93,1057.26,272.59
26928,26975.99,271.59,984.93,1056.26,271.59
26976,27023.99,270.59,983.93,1055.26,270.59
27024,27071.99,269.59,982.93,1054.26,269.59
27072,27119.99,268.59,981.93,1053.26,268.59
27120,27167.99,267.59,980.93,1052.26,267.59
27168,27215.99,266.59,979.93,1051.26,266.59
27216,27263.99,265.59,978.93,1050.26,265.59
27264,27311.99,264.59,977.93,1049.26,264.59
27312,27359.99,263.59,976.93,1048.26,263.59
27360,27407.99,262.59,975.93,1047.26,262.59
27408,27455.99,261.59,974.93,1046.26,261.59
27456,27503.99,260.59,973.93,1045.26,260.59
27504,27551.99,259.59,972.93,1044.26,259.59
27552,27599.99,258.59,971.93,1043.26,258.59
27600,27647.99,257.59,970.93,1042.26,257.59
27648,27695.99,256.59,969.93,1041.26,256.59
27696,27743.99,255.59,968.93,1040.26,255.59
27744,27791.99,254.59,967.93,1039.26,254.59
27792,27839.99,253.59,966.93,1038.26,253.59
27840,27887.99,252.59,965.93,1037.26,252.59
27888,27935.99,251.59,964.93,1036.26,251.59
27936,27983.99,250.59,963.93,1035.26,250.59
27984,28031.99,249.59,962.93,1034.26,249.59
28032,28079.99,248.59,961.93,1033.26,248.59
28080,28127.99,247.59,960.93,1032.26,247.59
28128,28175.99,246.84,960.18,1031.51,246.59
28176,28223.99,246.84,960.18,1031.51,245.59
28224,28271.99,246.84,960.18,1031.51,244.59
28272,28319.99,246.84,960.18,1031.51,243.59
28320,28367.99,246.84,960.18,1031.51,242.59
28368,28415.99,246.84,960.18,1031.51,241.59
28416,28463.99,246.84,960.18,1031.51,240.59
28464,28511.99,246.84,960.18,1031.51,239.59
28512,28559.99,246.84,960.18,1031.51,238.59
28560,28607.99,246.84,960.18,1031.51,237.59
28608,28655.99,246.84,960.18,1031.51,236.59
28656,28703.99,246.84,960.18,1031.51,235.59
28704,28751.99,246.84,960.18,1031.51,234.59
28752,28799.99,246.84,960.18,1031.51,233.59
28800,28847.99,246.84,960.18,1031.51,232.59
28848,28895.99,246.84,960.18,1031.51,231.59
28896,28943.99,246.84,960.18,1031.51,230.59
28944,28991.99,246.84,960.18,1031.51,229.59
28992,29039.99,246.84,960.18,1031.51,228.59
29040,29087.99,246.84,960.18,1031.51,227.59
29088,29135.99,246.84,960.18,1031.51,226.59
29136,29183.99,246.84,960.18,1031.51,225.59
29184,29231.99,246.84,960.18,1031.51,224.59
29232,29279.99,246.84,960.18,1031.51,223.59
29280,29327.99,246.84,960.18,1031.51,222.59
29328,29375.99,246.84,960.18,1031.51,221.59
29376,29423.99,246.84,960.18,1031.51,220.59
29424,29471.99,246.84,960.18,1031.51,219.59
29472,29519.99,246.84,960.18,1031.51,218.59
29520,29567.99,246.84,960.18,1031.51,217.59
29568,29615.99,246.84,960.18,1031.51,216.59
29616,29663.99,246.84,960.18,1031.51,215.59
29664,29711.99,246.84,960.18,1031.51,214.59
29712,29759.99,246.84,960.18,1031.51,213.59
29760,29807.99,246.84,960.18,1031.51,212.59
29808,29855.99,246.84,960.18,1031.51,211.59
29856,29903.99,246.84,960.18,1031.51,210.59
29904,29951.99,246.84,960.18,1031.51,209.59
29952,29999.99,246.84,960.18,1031.51,208.59
30000,30047.99,246.84,960.18,1031.51,207.59
30048,30095.99,246.84,960.18,1031.51,206.59
30096,30143.99,246.84,960.18,1031.51,205.59
30144,30191.99,246.84,960.18,1031.51,204.59
30192,30239.99,246.84,960.18,1031.51,203.59
30240,30287.99,246.84,960.18,1031.51,202.59
30288,30335.99,246.84,960.18,1031.51,201.59
30336,30383.99,246.84,960.18,1031.51,200.59
30384,30431.99,246.84,960.18,1031.51,199.59
30432,30479.99,246.84,960.18,1031.51,198.59
30480,30527.99,246.84,960.18,1031.51,197.59
30528,30575.99,246.84,960.18,1031.51,196.59
30576,30623.99,246.84,960.18,1031.51,195.59
30624,30671.99,246.84,960.18,1031.51,194.59
30672,30719.99,246.84,960.18,1031.51,193.59
30720,30767.99,246.84,960.18,1031.51,192.59
30768,30815.99,246.84,960.18,1031.51,191.59
30816,30863.99,246.84,960.18,1031.51,190.59
30864,30911.99,246.84,960.18,1031.51,189.59
30912,30959.99,246.84,960.18,1031.51,188.59
30960,31007.99,246.84,960.18,1031.51,187.59
31008,31055.99,246.84,960.18,1031.51,186.59
31056,31103.99,246.84,960.18,1031.51,185.59
31104,31151.99,246.84,960.18,1031.51,184.59
31152,31199.99,246.84,960.18,1031.51,183.59
31200,31247.99,246.84,960.18,1031.51,182.59
31248,31295.99,246.84,960.18,1031.51,181.59
31296,31343.99,246.84,960.18,1031.51,180.59
31344,31391.99,246.84,960.18,1031.51,179.59
31392,31439.99,246.84,960.18,1031.51,178.59
31440,31487.99,246.84,960.18,1031.51,177.59
31488,31535.99,246.84,960.18,1031.51,176.59
31536,31583.99,246.84,960.18,1031.51,175.59
31584,31631.99,246.84,960.18,1031.51,174.59
31632,31679.99,246.84,960.18,1031.51,173.59
31680,31727.99,246.84,960.18,1031.51,172.59
31728,31775.99,246.84,960.18,1031.51,171.59
31776,31823.99,246.84,960.18,1031.51,170.59
31824,31871.99,246.84,960.18,1031.51,169.59
31872,31919.99,246.84,960.18,1031.51,168.59
31920,31967.99,246.84,960.18,1031.51,167.59
31968,32015.99,246.84,960.18,1031.51,166.59
32016,32063.99,246.84,960.18,1031.51,165.59
32064,32111.99,246.84,960.18,1031.51,164.59
32112,32159.99,246.84,960.18,1031.51,163.59
32160,32207.99,246.84,960.18,1031.51,162.59
32208,32255.99,246.84,960.18,1031.51,161.59
32256,32303.99,246.84,960.18,1031.51,160.59
32304,32351.99,246.84,960.18,1031.51,159.59
32352,32399.99,246.84,960.18,1031.51,158.59
32400,32447.99,246.84,960.18,1031.51,157.59
32448,32495.99,246.84,960.18,1031.51,156.59
32496,32543.99,246.84,960.18,1031.51,155.59
32544,32591.99,246.84,960.18,1031.51,154.59
32592,32639.99,246.84,960.18,1031.51,153.59
32640,32687.99,246.84,960.18,1031.51,152.59
32688,32735.99,246.84,960.18,1031.51,151.59
32736,32783.99,246.84,960.18,1031.51,150.59
32784,32831.99,246.84,960.18,1031.51,149.59
32832,32879.99,246.84,960.18,1031.51,148.59
32880,32927.99,246.84,960.18,1031.51,147.59
32928,32975.99,246.84,960.18,1031.51,146.59
32976,33023.99,246.84,960.18,1031.51,145.59
33024,33071.99,246.84,960.18,1031.51,144.59
33072,33119.99,246.84,960.18,1031.51,143.59
33120,33167.99,246.84,960.18,1031.51,142.59
33168,33215.99,246.84,960.18,1031.51,141.59
33216,33263.99,246.84,960.18,1031.51,140.59
33264,33311.99,246.84,960.18,1031.51,139.59
33312,33359.99,246.84,960.18,1031.51,138.59
33360,33407.99,246.84,960.18,1031.51,137.59
33408,33455.99,246.84,960.18,1031.51,136.59
33456,33503.99,246.84,960.18,1031.51,135.59
33504,33551.99,246.84,960.18,1031.51,134.59
33552,33599.99,246.84,960.18,1031.51,133.59
33600,33647.99,246.84,960.18,1031.51,132.59
33648,33695.99,246.84,960.18,1031.51,131.59
33696,33743.99,246.84,960.18,1031.51,130.59
33744,33791.99,246.84,960.18,1031.51,129.59
33792,33839.99,246.84,960.18,1031.51,128.59
33840,33887.99,246.84,960.18,1031.51,127.59
33888,33935.99,246.84,960.18,1031.51,126.59
33936,33983.99,246.84,960.18,1031.51,125.59
33984,34031.99,246.84,960.18,1031.51,124.59
34032,34079.99,246.84,960.18,1031.51,123.59
34080,34127.99,246.84,960.18,1031.51,122.59
34128,34175.99,246.84,960.18,1031.51,121.59
34176,34223.99,246.84,960.18,1031.51,120.59
34224,34271.99,246.84,960.18,1031.51,119.59
34272,34319.99,246.84,960.18,1031.51,118.59
34320,34367.99,246.84,960.18,1031.51,117.59
34368,34415.99,246.84,960.18,1031.51,116.59
34416,34463.99,246.84,960.18,1031.51,115.59
34464,34511.99,246.84,960.18,1031.51,114.59
34512,34559.99,246.84,960.18,1031.51,113.59
34560,34607.99,246.84,960.18,1031.51,112.59
34608,34655.99,246.84,960.18,1031.51,111.59
34656,34703.99,246.84,960.18,1031.51,110.59
34704,34751.99,246.84,960.18,1031.51,109.59
34752,34799.99,246.84,960.18,1031.51,108.59
34800,34847.99,246.84,960.18,1031.51,107.59
34848,34895.99,246.84,960.18,1031.51,106.59
34896,34943.99,246.84,960.18,1031.51,105.59
34944,34991.99,246.84,960.18,1031.51,104.59
34992,35039.99,246.84,960.18,1031.51,103.59
35040,35087.99,246.84,960.18,1031.51,102.59
35088,35135.99,246.84,960.18,1031.51,101.59
35136,35183.99,246.84,960.18,1031.51,100.59
35184,35231.99,246.84,960.18,1031.51,99.59
35232,35279.99,246.84,960.18,1031.51,98.59
35280,35327.99,246.84,960.18,1031.51,97.59
35328,35375.99,246.84,960.18,1031.51,96.59
35376,35423.99,246.84,960.18,1031.51,95.59
35424,35471.99,246.84,960.18,1031.51,94.59
35472,35519.99,246.84,960.18,1031.51,93.59
35520,35567.99,246.84,960.18,1031.51,92.59
35568,35615.99,246.84,960.18,1031.51,91.59
35616,35663.99,246.84,960.18,1031.51,90.59
35664,35711.99,246.84,960.18,1031.51,89.59
35712,35759.99,246.84,960.18,1031.51,88.59
35760,35807.99,246.84,960.18,1031.51,87.59
35808,35855.99,246.84,960.18,1031.51,86.59
35856,35903.99,246.84,960.18,1031.51,85.59
35904,35951.99,246.84,960.18,1031.51,84.59
35952,35999.99,246.84,960.18,1031.51,83.59
36000,36047.99,246.84,960.18,1031.51,82.59
36048,36095.99,246.84,960.18,1031.51,81.59
36096,36143.99,246.84,960.18,1031.51,80.59
36144,36191.99,246.84,960.18,1031.51,79.59
36192,36239.99,246.84,960.18,1031.51,78.59
36240,36287.99,246.84,960.18,1031.51,77.59
36288,36335.99,246.84,960.18,1031.51,76.59
36336,36383.99,246.84,960.18,1031.51,75.59
36384,36431.99,246.84,960.18,1031.51,74.59
36432,36479.99,246.84,960.18,1031.51,73.59
36480,36527.99,246.84,960.18,1031.51,72.59
36528,36575.99,246.84,960.18,1031.51,71.59
36576,36623.99,246.84,960.18,1031.51,70.59
36624,36671.99,246.84,960.18,1031.51,69.59
36672,36719.99,246.84,960.18,1031.51,68.59
36720,36767.99,246.84,960.18,1031.51,67.59
36768,36815.99,246.84,960.18,1031.51,66.59
36816,36863.99,246.84,960.18,1031.51,65.59
36864,36911.99,246.84,960.18,1031.51,64.59
36912,36959.99,246.84,960.18,1031.51,63.59
36960,37007.99,246.84,960.18,1031.51,62.59
37008,37055.99,246.84,960.18,1031.51,61.59
37056,37103.99,246.84,960.18,1031.51,60.59
37104,37151.99,246.84,960.18,1031.51,59.59
37152,37199.99,246.84,960.18,1031.51,58.59
37200,37247.99,246.84,960.18,1031.51,57.59
37248,37295.99,246.84,960.18,1031.51,56.59
37296,37343.99,246.84,960.18,1031.51,55.59
37344,37391.99,246.84,960.18,1031.51,54.59
37392,37439.99,246.84,960.18,1031.51,53.59
37440,37487.99,246.84,960.18,1031.51,52.59
37488,37535.99,246.84,960.18,1031.51,51.59
37536,37583.99,246.84,960.18,1031.51,50.59
37584,37631.99,246.84,960.18,1031.51,49.59
37632,37679.99,246.84,960.18,1031.51,48.59
37680,37727.99,246.84,960.18,1031.51,47.59
37728,37775.99,246.84,960.18,1031.51,46.59
37776,37823.99,246.84,960.18,1031.51,45.59
37824,37871.99,246.84,960.18,1031.51,44.59
37872,37919.99,246.84,960.18,1031.51,43.59
37920,37967.99,246.84,960.18,1031.51,42.59
37968,38015.99,246.84,960.18,1031.51,41.59
38016,38063.99,246.84,960.18,1031.51,40.59
38064,38111.99,246.84,960.18,1031.51,39.59
38112,38159.99,246.84,960.18,1031.51,38.59
38160,38207.99,246.84,960.18,1031.51,37.59
38208,38255.99,246.84,960.18,1031.51,36.59
38256,38303.99,246.84,960.18,1031.51,35.59
38304,38351.99,246.84,960.18,1031.51,34.59
38352,38399.99,246.84,960.18,1031.51,33.59
38400,38447.99,246.84,960.18,1031.51,32.59
38448,38495.99,246.84,960.18,1031.51,31.59
38496,38543.99,246.84,960.18,1031.51,30.59
38544,38591.99,246.84,960.18,1031.51,29.59
38592,38639.99,246.84,960.18,1031.51,28.59
38640,38687.99,246.84,960.18,1031.51,27.59
38688,38735.99,246.84,960.18,1031.51,26.59
38736,38783.99,246.84,960.18,1031.51,25.59
38784,38831.99,246.84,960.18,1031.51,24.59
38832,38879.99,246.84,960.18,1031.51,23.59
38880,38927.99,246.84,960.18,1031.51,22.59
38928,38975.99,246.84,960.18,1031.51,21.59
38976,39023.99,246.84,960.18,1031.51,20.59
39024,39071.99,246.84,960.18,1031.51,19.59
39072,39119.99,246.84,960.18,1031.51,18.59
39120,39167.99,246.84,960.18,1031.51,17.59
39168,39215.99,246.84,960.18,1031.51,16.59
39216,39263.99,246.84,960.18,1031.51,15.59
39264,39311.99,246.84,960.18,1031.51,14.59
39312,39359.99,246.84,960.18,1031.51,13.59
39360,39407.99,246.84,960.18,1031.51,12.59
39408,39455.99,246.84,960.18,1031.51,11.59
39456,39503.99,246.84,960.18,1031.51,10.59
39504,39551.99,246.84,960.18,1031.51,9.59
39552,39599.99,246.84,960.18,1031.51,8.59
39600,39647.99,246.84,960.18,1031.51,7.59
39648,39695.99,246.84,960.18,1031.51,6.59
39696,39743.99,246.84,960.18,1031.51,5.59
39744,39791.99,246.84,960.18,1031.51,4.59
39792,39839.99,246.84,960.18,1031.51,3.59
39840,39887.99,246.84,960.18,1031.51,2.59
39888,39935.99,246.84,960.18,1031.51,1.59
39936,39983.99,246.84,960.18,1031.51,0.59
