Amounts Effective from April to June 2024 / Montants en vigueur d'avril à juin 2024,,,,
Yearly Income (excluding OAS Pension and GIS) From,Yearly Income (excluding OAS Pension and GIS) To,Total Monthly GIS (for a person receiving the full OAS Pension) ($),Combined Monthly OAS Pension and GIS (age 65 to 74) ($),Combined Monthly OAS Pension and GIS (age 75 and over) ($)
Revenu annuel (excluant la pension de la SV et le SRG) De,Revenu annuel (excluant la pension de la SV et le SRG) À,Total mensuel pour le SRG (pour une personne recevant la pleine pension de la SV) ($),Total mensuel de la pension de la SV et du SRG (65 à 74 ans) ($),Total mensuel de la pension de la SV et du SRG (75 ans et plus) ($)
0,23.99,1065.47,1778.81,1850.14
24,47.99,1064.47,1777.81,1849.14
48,71.99,1063.47,1776.81,1848.14
72,95.99,1062.47,1775.81,1847.14
96,119.99,1061.47,1774.81,1846.14
120,143.99,1060.47,1773.81,1845.14
144,167.99,1059.47,1772.81,1844.14
168,191.99,1058.47,1771.81,1843.14
192,215.99,1057.47,1770.81,1842.14
216,239.99,1056.47,1769.81,1841.14
240,263.99,1055.47,1768.81,1840.14
264,287.99,1054.47,1767.81,1839.14
288,311.99,1053.47,1766.81,1838.14
312,335.99,1052.47,1765.81,1837.14
336,359.99,1051.47,1764.81,1836.14
360,383.99,1050.47,1763.81,1835.14
384,407.99,1049.47,1762.81,1834.14
408,431.99,1048.47,1761.81,1833.14
432,455.99,1047.47,1760.81,1832.14
456,479.99,1046.47,1759.81,1831.14
480,503.99,1045.47,1758.81,1830.14
504,527.99,1044.47,1757.81,1829.14
528,551.99,1043.47,1756.81,1828.14
552,575.99,1042.47,1755.81,1827.14
576,599.99,1041.47,1754.81,1826.14
600,623.99,1040.47,1753.81,1825.14
624,647.99,1039.47,1752.81,1824.14
648,671.99,1038.47,1751.81,1823.14
672,695.99,1037.47,1750.81,1822.14
696,719.99,1036.47,1749.81,1821.14
720,743.99,1035.47,1748.81,1820.14
744,767.99,1034.47,1747.81,1819.14
768,791.99,1033.47,1746.81,1818.14
792,815.99,1032.47,1745.81,1817.14
816,839.99,1031.47,1744.81,1816.14
840,863.99,1030.47,1743.81,1815.14
864,887.99,1029.47,1742.81,1814.14
888,911.99,1028.47,1741.81,1813.14
912,935.99,1027.47,1740.81,1812.14
936,959.99,1026.47,1739.81,1811.14
960,983.99,1025.47,1738.81,1810.14
984,1007.99,1024.47,1737.81,1809.14
1008,1031.99,1023.47,1736.81,1808.14
1032,1055.99,1022.47,1735.81,1807.14
1056,1079.99,1021.47,1734.81,1806.14
1080,1103.99,1020.47,1733.81,1805.14
1104,1127.99,1019.47,1732.81,1804.14
1128,1151.99,1018.47,1731.81,1803.14
1152,1175.99,1017.47,1730.81,1802.14
1176,1199.99,1016.47,1729.81,1801.14
1200,1223.99,1015.47,1728.81,1800.14
1224,1247.99,1014.47,1727.81,1799.14
1248,1271.99,1013.47,1726.81,1798.14
1272,1295.99,1012.47,1725.81,1797.14
1296,1319.99,1011.47,1724.81,1796.14
1320,1343.99,1010.47,1723.81,1795.14
1344,1367.99,1009.47,1722.81,1794.14
1368,1391.99,1008.47,1721.81,1793.14
1392,1415.99,1007.47,1720.81,1792.14
1416,1439.99,1006.47,1719.81,1791.14
1440,1463.99,1005.47,1718.81,1790.14
1464,1487.99,1004.47,1717.81,1789.14
1488,1511.99,1003.47,1716.81,1788.14
1512,1535.99,1002.47,1715.81,1787.14
1536,1559.99,1001.47,1714.81,1786.14
1560,1583.99,1000.47,1713.81,1785.14
1584,1607.99,999.47,1712.81,1784.14
1608,1631.99,998.47,1711.81,1783.14
1632,1655.99,997.47,1710.81,1782.14
1656,1679.99,996.47,1709.81,1781.14
1680,1703.99,995.47,1708.81,1780.14
1704,1727.99,994.47,1707.81,1779.14
1728,1751.99,993.47,1706.81,1778.14
1752,1775.99,992.47,1705.81,1777.14
1776,1799.99,991.47,1704.81,1776.14
1800,1823.99,990.47,1703.81,1775.14
1824,1847.99,989.47,1702.81,1774.14
1848,1871.99,988.47,1701.81,1773.14
1872,1895.99,987.47,1700.81,1772.14
1896,1919.99,986.47,1699.81,1771.14
1920,1943.99,985.47,1698.81,1770.14
1944,1967.99,984.47,1697.81,1769.14
1968,1991.99,983.47,1696.81,1768.14
1992,2015.99,982.47,1695.81,1767.14
2016,2039.99,981.47,1694.81,1766.14
2040,2047.99,980.47,1693.81,1765.14
2048,2063.99,979.47,1692.81,1764.14
2064,2087.99,978.47,1691.81,1763.14
2088,2095.99,977.47,1690.81,1762.14
2096,2111.99,976.47,1689.81,1761.14
2112,2135.99,975.47,1688.81,1760.14
2136,2143.99,974.47,1687.81,1759.14
2144,2159.99,973.47,1686.81,1758.14
2160,2183.99,972.47,1685.81,1757.14
2184,2191.99,971.47,1684.81,1756.14
2192,2207.99,970.47,1683.81,1755.14
2208,2231.99,969.47,1682.81,1754.14
2232,2239.99,968.47,1681.81,1753.14
2240,2255.99,967.47,1680.81,1752.14
2256,2279.99,966.47,1679.81,1751.14
2280,2287.99,965.47,1678.81,1750.14
2288,2303.99,964.47,1677.81,1749.14
2304,2327.99,963.47,1676.81,1748.14
2328,2335.99,962.47,1675.81,1747.14
2336,2351.99,961.47,1674.81,1746.14
2352,2375.99,960.47,1673.81,1745.14
2376,2383.99,959.47,1672.81,1744.14
2384,2399.99,958.47,1671.81,1743.14
2400,2423.99,957.47,1670.81,1742.14
2424,2431.99,956.47,1669.81,1741.14
2432,2447.99,955.47,1668.81,1740.14
2448,2471.99,954.47,1667.81,1739.14
2472,2479.99,953.47,1666.81,1738.14
2480,2495.99,952.47,1665.81,1737.14
2496,2519.99,951.47,1664.81,1736.14
2520,2527.99,950.47,1663.81,1735.14
2528,2543.99,949.47,1662.81,1734.14
2544,2567.99,948.47,1661.81,1733.14
2568,2575.99,947.47,1660.81,1732.14
2576,2591.99,946.47,1659.81,1731.14
2592,2615.99,945.47,1658.81,1730.14
2616,2623.99,944.47,1657.81,1729.14
2624,2639.99,943.47,1656.81,1728.14
2640,2663.99,942.47,1655.81,1727.14
2664,2671.99,941.47,1654.81,1726.14
2672,2687.99,940.47,1653.81,1725.14
2688,2711.99,939.47,1652.81,1724.14
2712,2719.99,938.47,1651.81,1723.14
2720,2735.99,937.47,1650.81,1722.14
2736,2759.99,936.47,1649.81,1721.14
2760,2767.99,935.47,1648.81,1720.14
2768,2783.99,934.47,1647.81,1719.14
2784,2807.99,933.47,1646.81,1718.14
2808,2815.99,932.47,1645.81,1717.14
2816,2831.99,931.47,1644.81,1716.14
2832,2855.99,930.47,1643.81,1715.14
2856,2863.99,929.47,1642.81,1714.14
2864,2879.99,928.47,1641.81,1713.14
2880,2903.99,927.47,1640.81,1712.14
2904,2911.99,926.47,1639.81,1711.14
2912,2927.99,925.47,1638.81,1710.14
2928,2951.99,924.47,1637.81,1709.14
2952,2959.99,923.47,1636.81,1708.14
2960,2975.99,922.47,1635.81,1707.14
2976,2999.99,921.47,1634.81,1706.14
3000,3007.99,920.47,1633.81,1705.14
3008,3023.99,919.47,1632.81,1704.14
3024,3047.99,918.47,1631.81,1703.14
3048,3055.99,917.47,1630.81,1702.14
3056,3071.99,916.47,1629.81,1701.14
3072,3095.99,915.47,1628.81,1700.14
3096,3103.99,914.47,1627.81,1699.14
3104,3119.99,913.47,1626.81,1698.14
3120,3143.99,912.47,1625.81,1697.14
3144,3151.99,911.47,1624.81,1696.14
3152,3167.99,910.47,1623.81,1695.14
3168,3191.99,909.47,1622.81,1694.14
3192,3199.99,908.47,1621.81,1693.14
3200,3215.99,907.47,1620.81,1692.14
3216,3239.99,906.47,1619.81,1691.14
3240,3247.99,905.47,1618.81,1690.14
3248,3263.99,904.47,1617.81,1689.14
3264,3287.99,903.47,1616.81,1688.14
3288,3295.99,902.47,1615.81,1687.14
3296,3311.99,901.47,1614.81,1686.14
3312,3335.99,900.47,1613.81,1685.14
3336,3343.99,899.47,1612.81,1684.14
3344,3359.99,898.47,1611.81,1683.14
3360,3383.99,897.47,1610.81,1682.14
3384,3391.99,896.47,1609.81,1681.14
3392,3407.99,895.47,1608.81,1680.14
3408,3431.99,894.47,1607.81,1679.14
3432,3439.99,893.47,1606.81,1678.14
3440,3455.99,892.47,1605.81,1677.14
3456,3479.99,891.47,1604.81,1676.14
3480,3487.99,890.47,1603.81,1675.14
3488,3503.99,889.47,1602.81,1674.14
3504,3527.99,888.47,1601.81,1673.14
3528,3535.99,887.47,1600.81,1672.14
3536,3551.99,886.47,1599.81,1671.14
3552,3575.99,885.47,1598.81,1670.14
3576,3583.99,884.47,1597.81,1669.14
3584,3599.99,883.47,1596.81,1668.14
3600,3623.99,882.47,1595.81,1667.14
3624,3631.99,881.47,1594.81,1666.14
3632,3647.99,880.47,1593.81,1665.14
3648,3671.99,879.47,1592.81,1664.14
3672,3679.99,878.47,1591.81,1663.14
3680,3695.99,877.47,1590.81,1662.14
3696,3719.99,876.47,1589.81,1661.14
3720,3727.99,875.47,1588.81,1660.14
3728,3743.99,874.47,1587.81,1659.14
3744,3767.99,873.47,1586.81,1658.14
3768,3775.99,872.47,1585.81,1657.14
3776,3791.99,871.47,1584.81,1656.14
3792,3815.99,870.47,1583.81,1655.14
3816,3823.99,869.47,1582.81,1654.14
3824,3839.99,868.47,1581.81,1653.14
3840,3863.99,867.47,1580.81,1652.14
3864,3871.99,866.47,1579.81,1651.14
3872,3887.99,865.47,1578.81,1650.14
3888,3911.99,864.47,1577.81,1649.14
3912,3919.99,863.47,1576.81,1648.14
3920,3935.99,862.47,1575.81,1647.14
3936,3959.99,861.47,1574.81,1646.14
3960,3967.99,860.47,1573.81,1645.14
3968,3983.99,859.47,1572.81,1644.14
3984,4007.99,858.47,1571.81,1643.14
4008,4015.99,857.47,1570.81,1642.14
4016,4031.99,856.47,1569.81,1641.14
4032,4055.99,855.47,1568.81,1640.14
4056,4063.99,854.47,1567.81,1639.14
4064,4079.99,853.47,1566.81,1638.14
4080,4103.99,852.47,1565.81,1637.14
4104,4111.99,851.47,1564.81,1636.14
4112,4127.99,850.47,1563.81,1635.14
4128,4151.99,849.47,1562.81,1634.14
4152,4159.99,848.47,1561.81,1633.14
4160,4175.99,847.47,1560.81,1632.14
4176,4199.99,846.47,1559.81,1631.14
4200,4207.99,845.47,1558.81,1630.14
4208,4223.99,844.47,1557.81,1629.14
4224,4247.99,843.47,1556.81,1628.14
4248,4255.99,842.47,1555.81,1627.14
4256,4271.99,841.47,1554.81,1626.14
4272,4295.99,840.47,1553.81,1625.14
4296,4303.99,839.47,1552.81,1624.14
4304,4319.99,838.47,1551.81,1623.14
4320,4343.99,837.47,1550.81,1622.14
4344,4351.99,836.47,1549.81,1621.14
4352,4367.99,835.47,1548.81,1620.14
4368,4391.99,834.47,1547.81,1619.14
4392,4399.99,833.47,1546.81,1618.14
4400,4415.99,832.47,1545.81,1617.14
4416,4439.99,831.47,1544.81,1616.14
4440,4447.99,830.47,1543.81,1615.14
4448,4463.99,829.47,1542.81,1614.14
4464,4487.99,828.47,1541.81,1613.14
4488,4495.99,827.47,1540.81,1612.14
4496,4511.99,826.47,1539.81,1611.14
4512,4535.99,825.47,1538.81,1610.14
4536,4543.99,824.47,1537.81,1609.14
4544,4559.99,823.47,1536.81,1608.14
4560,4583.99,822.47,1535.81,1607.14
4584,4591.99,821.47,1534.81,1606.14
4592,4607.99,820.47,1533.81,1605.14
4608,4631.99,819.47,1532.81,1604.14
4632,4639.99,818.47,1531.81,1603.14
4640,4655.99,817.47,1530.81,1602.14
4656,4679.99,816.47,1529.81,1601.14
4680,4687.99,815.47,1528.81,1600.14
4688,4703.99,814.47,1527.81,1599.14
4704,4727.99,813.47,1526.81,1598.14
4728,4735.99,812.47,1525.81,1597.14
4736,4751.99,811.47,1524.81,1596.14
4752,4775.99,810.47,1523.81,1595.14
4776,4783.99,809.47,1522.81,1594.14
4784,4799.99,808.47,1521.81,1593.14
4800,4823.99,807.47,1520.81,1592.14
4824,4831.99,806.47,1519.81,1591.14
4832,4847.99,805.47,1518.81,1590.14
4848,4871.99,804.47,1517.81,1589.14
4872,4879.99,803.47,1516.81,1588.14
4880,4895.99,802.47,1515.81,1587.14
4896,4919.99,801.47,1514.81,1586.14
4920,4927.99,800.47,1513.81,1585.14
4928,4943.99,799.47,1512.81,1584.14
4944,4967.99,798.47,1511.81,1583.14
4968,4975.99,797.47,1510.81,1582.14
4976,4991.99,796.47,1509.81,1581.14
4992,5015.99,795.47,1508.81,1580.14
5016,5023.99,794.47,1507.81,1579.14
5024,5039.99,793.47,1506.81,1578.14
5040,5063.99,792.47,1505.81,1577.14
5064,5071.99,791.47,1504.81,1576.14
5072,5087.99,790.47,1503.81,1575.14
5088,5111.99,789.47,1502.81,1574.14
5112,5119.99,788.47,1501.81,1573.14
5120,5135.99,787.47,1500.81,1572.14
5136,5159.99,786.47,1499.81,1571.14
5160,5167.99,785.47,1498.81,1570.14
5168,5183.99,784.47,1497.81,1569.14
5184,5207.99,783.47,1496.81,1568.14
5208,5215.99,782.47,1495.81,1567.14
5216,5231.99,781.47,1494.81,1566.14
5232,5255.99,780.47,1493.81,1565.14
5256,5263.99,779.47,1492.81,1564.14
5264,5279.99,778.47,1491.81,1563.14
5280,5303.99,777.47,1490.81,1562.14
5304,5311.99,776.47,1489.81,1561.14
5312,5327.99,775.47,1488.81,1560.14
5328,5351.99,774.47,1487.81,1559.14
5352,5359.99,773.47,1486.81,1558.14
5360,5375.99,772.47,1485.81,1557.14
5376,5399.99,771.47,1484.81,1556.14
5400,5407.99,770.47,1483.81,1555.14
5408,5423.99,769.47,1482.81,1554.14
5424,5447.99,768.47,1481.81,1553.14
5448,5455.99,767.47,1480.81,1552.14
5456,5471.99,766.47,1479.81,1551.14
5472,5495.99,765.47,1478.81,1550.14
5496,5503.99,764.47,1477.81,1549.14
5504,5519.99,763.47,1476.81,1548.14
5520,5543.99,762.47,1475.81,1547.14
5544,5551.99,761.47,1474.81,1546.14
5552,5567.99,760.47,1473.81,1545.14
5568,5591.99,759.47,1472.81,1544.14
5592,5599.99,758.47,1471.81,1543.14
5600,5615.99,757.47,1470.81,1542.14
5616,5639.99,756.47,1469.81,1541.14
5640,5647.99,755.47,1468.81,1540.14
5648,5663.99,754.47,1467.81,1539.14
5664,5687.99,753.47,1466.81,1538.14
5688,5695.99,752.47,1465.81,1537.14
5696,5711.99,751.47,1464.81,1536.14
5712,5735.99,750.47,1463.81,1535.14
5736,5743.99,749.47,1462.81,1534.14
5744,5759.99,748.47,1461.81,1533.14
5760,5783.99,747.47,1460.81,1532.14
5784,5791.99,746.47,1459.81,1531.14
5792,5807.99,745.47,1458.81,1530.14
5808,5831.99,744.47,1457.81,1529.14
5832,5839.99,743.47,1456.81,1528.14
5840,5855.99,742.47,1455.81,1527.14
5856,5879.99,741.47,1454.81,1526.14
5880,5887.99,740.47,1453.81,1525.14
5888,5903.99,739.47,1452.81,1524.14
5904,5927.99,738.47,1451.81,1523.14
5928,5935.99,737.47,1450.81,1522.14
5936,5951.99,736.47,1449.81,1521.14
5952,5975.99,735.47,1448.81,1520.14
5976,5983.99,734.47,1447.81,1519.14
5984,5999.99,733.47,1446.81,1518.14
6000,6023.99,732.47,1445.81,1517.14
6024,6031.99,731.47,1444.81,1516.14
6032,6047.99,730.47,1443.81,1515.14
6048,6071.99,729.47,1442.81,1514.14
6072,6079.99,728.47,1441.81,1513.14
6080,6095.99,727.47,1440.81,1512.14
6096,6119.99,726.47,1439.81,1511.14
6120,6127.99,725.47,1438.81,1510.14
6128,6143.99,724.47,1437.81,1509.14
6144,6167.99,723.47,1436.81,1508.14
6168,6175.99,722.47,1435.81,1507.14
6176,6191.99,721.47,1434.81,1506.14
6192,6215.99,720.47,1433.81,1505.14
6216,6223.99,719.47,1432.81,1504.14
6224,6239.99,718.47,1431.81,1503.14
6240,6263.99,717.47,1430.81,1502.14
6264,6271.99,716.47,1429.81,1501.14
6272,6287.99,715.47,1428.81,1500.14
6288,6311.99,714.47,1427.81,1499.14
6312,6319.99,713.47,1426.81,1498.14
6320,6335.99,712.47,1425.81,1497.14
6336,6359.99,711.47,1424.81,1496.14
6360,6367.99,710.47,1423.81,1495.14
6368,6383.99,709.47,1422.81,1494.14
6384,6407.99,708.47,1421.81,1493.14
6408,6415.99,707.47,1420.81,1492.14
6416,6431.99,706.47,1419.81,1491.14
6432,6455.99,705.47,1418.81,1490.14
6456,6463.99,704.47,1417.81,1489.14
6464,6479.99,703.47,1416.81,1488.14
6480,6503.99,702.47,1415.81,1487.14
6504,6511.99,701.47,1414.81,1486.14
6512,6527.99,700.47,1413.81,1485.14
6528,6551.99,699.47,1412.81,1484.14
6552,6559.99,698.47,1411.81,1483.14
6560,6575.99,697.47,1410.81,1482.14
6576,6599.99,696.47,1409.81,1481.14
6600,6607.99,695.47,1408.81,1480.14
6608,6623.99,694.47,1407.81,1479.14
6624,6647.99,693.47,1406.81,1478.14
6648,6655.99,692.47,1405.81,1477.14
6656,6671.99,691.47,1404.81,1476.14
6672,6695.99,690.47,1403.81,1475.14
6696,6703.99,689.47,1402.81,1474.14
6704,6719.99,688.47,1401.81,1473.14
6720,6743.99,687.47,1400.81,1472.14
6744,6751.99,686.47,1399.81,1471.14
6752,6767.99,685.47,1398.81,1470.14
6768,6791.99,684.47,1397.81,1469.14
6792,6799.99,683.47,1396.81,1468.14
6800,6815.99,682.47,1395.81,1467.14
6816,6839.99,681.47,1394.81,1466.14
6840,6847.99,680.47,1393.81,1465.14
6848,6863.99,679.47,1392.81,1464.14
6864,6887.99,678.47,1391.81,1463.14
6888,6895.99,677.47,1390.81,1462.14
6896,6911.99,676.47,1389.81,1461.14
6912,6935.99,675.47,1388.81,1460.14
6936,6943.99,674.47,1387.81,1459.14
6944,6959.99,673.47,1386.81,1458.14
6960,6983.99,672.47,1385.81,1457.14
6984,6991.99,671.47,1384.81,1456.14
6992,7007.99,670.47,1383.81,1455.14
7008,7031.99,669.47,1382.81,1454.14
7032,7039.99,668.47,1381.81,1453.14
7040,7055.99,667.47,1380.81,1452.14
7056,7079.99,666.47,1379.81,1451.14
7080,7087.99,665.47,1378.81,1450.14
7088,7103.99,664.47,1377.81,1449.14
7104,7127.99,663.47,1376.81,1448.14
7128,7135.99,662.47,1375.81,1447.14
7136,7151.99,661.47,1374.81,1446.14
7152,7175.99,660.47,1373.81,1445.14
7176,7183.99,659.47,1372.81,1444.14
7184,7199.99,658.47,1371.81,1443.14
7200,7223.99,657.47,1370.81,1442.14
7224,7231.99,656.47,1369.81,1441.14
7232,7247.99,655.47,1368.81,1440.14
7248,7271.99,654.47,1367.81,1439.14
7272,7279.99,653.47,1366.81,1438.14
7280,7295.99,652.47,1365.81,1437.14
7296,7319.99,651.47,1364.81,1436.14
7320,7327.99,650.47,1363.81,1435.14
7328,7343.99,649.47,1362.81,1434.14
7344,7367.99,648.47,1361.81,1433.14
7368,7375.99,647.47,1360.81,1432.14
7376,7391.99,646.47,1359.81,1431.14
7392,7415.99,645.47,1358.81,1430.14
7416,7423.99,644.47,1357.81,1429.14
7424,7439.99,643.47,1356.81,1428.14
7440,7463.99,642.47,1355.81,1427.14
7464,7471.99,641.47,1354.81,1426.14
7472,7487.99,640.47,1353.81,1425.14
7488,7511.99,639.47,1352.81,1424.14
7512,7519.99,638.47,1351.81,1423.14
7520,7535.99,637.47,1350.81,1422.14
7536,7559.99,636.47,1349.81,1421.14
7560,7567.99,635.47,1348.81,1420.14
7568,7583.99,634.47,1347.81,1419.14
7584,7607.99,633.47,1346.81,1418.14
7608,7615.99,632.47,1345.81,1417.14
7616,7631.99,631.47,1344.81,1416.14
7632,7655.99,630.47,1343.81,1415.14
7656,7663.99,629.47,1342.81,1414.14
7664,7679.99,628.47,1341.81,1413.14
7680,7703.99,627.47,1340.81,1412.14
7704,7711.99,626.47,1339.81,1411.14
7712,7727.99,625.47,1338.81,1410.14
7728,7751.99,624.47,1337.81,1409.14
7752,7759.99,623.47,1336.81,1408.14
7760,7775.99,622.47,1335.81,1407.14
7776,7799.99,621.47,1334.81,1406.14
7800,7807.99,620.47,1333.81,1405.14
7808,7823.99,619.47,1332.81,1404.14
7824,7847.99,618.47,1331.81,1403.14
7848,7855.99,617.47,1330.81,1402.14
7856,7871.99,616.47,1329.81,1401.14
7872,7895.99,615.47,1328.81,1400.14
7896,7903.99,614.47,1327.81,1399.14
7904,7919.99,613.47,1326.81,1398.14
7920,7943.99,612.47,1325.81,1397.14
7944,7951.99,611.47,1324.81,1396.14
7952,7967.99,610.47,1323.81,1395.14
7968,7991.99,609.47,1322.81,1394.14
7992,7999.99,608.47,1321.81,1393.14
8000,8015.99,607.47,1320.81,1392.14
8016,8039.99,606.47,1319.81,1391.14
8040,8047.99,605.47,1318.81,1390.14
8048,8063.99,604.47,1317.81,1389.14
8064,8087.99,603.47,1316.81,1388.14
8088,8095.99,602.47,1315.81,1387.14
8096,8111.99,601.47,1314.81,1386.14
8112,8135.99,600.47,1313.81,1385.14
8136,8143.99,599.47,1312.81,1384.14
8144,8159.99,598.47,1311.81,1383.14
8160,8183.99,597.47,1310.81,1382.14
8184,8191.99,596.47,1309.81,1381.14
8192,8207.99,595.47,1308.81,1380.14
8208,8231.99,594.47,1307.81,1379.14
8232,8239.99,593.47,1306.81,1378.14
8240,8255.99,592.47,1305.81,1377.14
8256,8279.99,591.47,1304.81,1376.14
8280,8287.99,590.47,1303.81,1375.14
8288,8303.99,589.47,1302.81,1374.14
8304,8327.99,588.47,1301.81,1373.14
8328,8335.99,587.47,1300.81,1372.14
8336,8351.99,586.47,1299.81,1371.14
8352,8375.99,585.47,1298.81,1370.14
8376,8383.99,584.47,1297.81,1369.14
8384,8399.99,583.47,1296.81,1368.14
8400,8423.99,582.47,1295.81,1367.14
8424,8431.99,581.47,1294.81,1366.14
8432,8447.99,580.47,1293.81,1365.14
8448,8471.99,579.47,1292.81,1364.14
8472,8479.99,578.47,1291.81,1363.14
8480,8495.99,577.47,1290.81,1362.14
8496,8519.99,576.47,1289.81,1361.14
8520,8527.99,575.47,1288.81,1360.14
8528,8543.99,574.47,1287.81,1359.14
8544,8567.99,573.47,1286.81,1358.14
8568,8575.99,572.47,1285.81,1357.14
8576,8591.99,571.47,1284.81,1356.14
8592,8615.99,570.47,1283.81,1355.14
8616,8623.99,569.47,1282.81,1354.14
8624,8639.99,568.47,1281.81,1353.14
8640,8663.99,567.47,1280.81,1352.14
8664,8671.99,566.47,1279.81,1351.14
8672,8687.99,565.47,1278.81,1350.14
8688,8711.99,564.47,1277.81,1349.14
8712,8719.99,563.47,1276.81,1348.14
8720,8735.99,562.47,1275.81,1347.14
8736,8759.99,561.47,1274.81,1346.14
8760,8767.99,560.47,1273.81,1345.14
8768,8783.99,559.47,1272.81,1344.14
8784,8807.99,558.47,1271.81,1343.14
8808,8815.99,557.47,1270.81,1342.14
8816,8831.99,556.47,1269.81,1341.14
8832,8855.99,555.47,1268.81,1340.14
8856,8863.99,554.47,1267.81,1339.14
8864,8879.99,553.47,1266.81,1338.14
8880,8903.99,552.47,1265.81,1337.14
8904,8911.99,551.47,1264.81,1336.14
8912,8927.99,550.47,1263.81,1335.14
8928,8951.99,549.47,1262.81,1334.14
8952,8959.99,548.47,1261.81,1333.14
8960,8975.99,547.47,1260.81,1332.14
8976,8999.99,546.47,1259.81,1331.14
9000,9007.99,545.47,1258.81,1330.14
9008,9023.99,544.47,1257.81,1329.14
9024,9047.99,543.47,1256.81,1328.14
9048,9055.99,542.47,1255.81,1327.14
9056,9071.99,541.47,1254.81,1326.14
9072,9095.99,540.47,1253.81,1325.14
9096,9103.99,539.47,1252.81,1324.14
9104,9119.99,538.47,1251.81,1323.14
9120,9143.99,537.47,1250.81,1322.14
9144,9151.99,536.47,1249.81,1321.14
9152,9167.99,535.47,1248.81,1320.14
9168,9191.99,534.47,1247.81,1319.14
9192,9199.99,533.47,1246.81,1318.14
9200,9215.99,532.47,1245.81,1317.14
9216,9239.99,531.47,1244.81,1316.14
9240,9247.99,530.47,1243.81,1315.14
9248,9263.99,529.47,1242.81,1314.14
9264,9287.99,528.47,1241.81,1313.14
9288,9295.99,527.47,1240.81,1312.14
9296,9311.99,526.47,1239.81,1311.14
9312,9335.99,525.47,1238.81,1310.14
9336,9343.99,524.47,1237.81,1309.14
9344,9359.99,523.47,1236.81,1308.14
9360,9383.99,522.47,1235.81,1307.14
9384,9391.99,521.47,1234.81,1306.14
9392,9407.99,520.47,1233.81,1305.14
9408,9431.99,519.47,1232.81,1304.14
9432,9439.99,518.47,1231.81,1303.14
9440,9455.99,517.47,1230.81,1302.14
9456,9479.99,516.47,1229.81,1301.14
9480,9487.99,515.47,1228.81,1300.14
9488,9503.99,514.47,1227.81,1299.14
9504,9527.99,513.47,1226.81,1298.14
9528,9535.99,512.47,1225.81,1297.14
9536,9551.99,511.47,1224.81,1296.14
9552,9575.99,510.47,1223.81,1295.14
9576,9583.99,509.47,1222.81,1294.14
9584,9599.99,508.47,1221.81,1293.14
9600,9623.99,507.47,1220.81,1292.14
9624,9631.99,506.47,1219.81,1291.14
9632,9647.99,505.47,1218.81,1290.14
9648,9671.99,504.47,1217.81,1289.14
9672,9679.99,503.47,1216.81,1288.14
9680,9695.99,502.47,1215.81,1287.14
9696,9719.99,501.47,1214.81,1286.14
9720,9727.99,500.47,1213.81,1285.14
9728,9743.99,499.47,1212.81,1284.14
9744,9767.99,498.47,1211.81,1283.14
9768,9775.99,497.47,1210.81,1282.14
9776,9791.99,496.47,1209.81,1281.14
9792,9815.99,495.47,1208.81,1280.14
9816,9823.99,494.47,1207.81,1279.14
9824,9839.99,493.47,1206.81,1278.14
9840,9863.99,492.47,1205.81,1277.14
9864,9871.99,491.47,1204.81,1276.14
9872,9887.99,490.47,1203.81,1275.14
9888,9911.99,489.47,1202.81,1274.14
9912,9919.99,488.47,1201.81,1273.14
9920,9935.99,487.47,1200.81,1272.14
9936,9959.99,486.47,1199.81,1271.14
9960,9967.99,485.47,1198.81,1270.14
9968,9983.99,485.43,1198.77,1270.1
9984,10007.99,484.43,1197.77,1269.1
10008,10031.99,483.43,1196.77,1268.1
10032,10055.99,482.43,1195.77,1267.1
10056,10079.99,481.43,1194.77,1266.1
10080,10103.99,480.43,1193.77,1265.1
10104,10127.99,479.43,1192.77,1264.1
10128,10151.99,478.43,1191.77,1263.1
10152,10175.99,477.43,1190.77,1262.1
10176,10199.99,476.43,1189.77,1261.1
10200,10223.99,475.43,1188.77,1260.1
10224,10247.99,474.43,1187.77,1259.1
10248,10271.99,473.43,1186.77,1258.1
10272,10295.99,472.43,1185.77,1257.1
10296,10319.99,471.43,1184.77,1256.1
10320,10343.99,470.43,1183.77,1255.1
10344,10367.99,469.43,1182.77,1254.1
10368,10391.99,468.43,1181.77,1253.1
10392,10415.99,467.43,1180.77,1252.1
10416,10439.99,466.43,1179.77,1251.1
10440,10463.99,465.43,1178.77,1250.1
10464,10487.99,464.43,1177.77,1249.1
10488,10511.99,463.43,1176.77,1248.1
10512,10535.99,462.43,1175.77,1247.1
10536,10559.99,461.43,1174.77,1246.1
10560,10583.99,460.43,1173.77,1245.1
10584,10607.99,459.43,1172.77,1244.1
10608,10631.99,458.43,1171.77,1243.1
10632,10655.99,457.43,1170.77,1242.1
10656,10679.99,456.43,1169.77,1241.1
10680,10703.99,455.43,1168.77,1240.1
10704,10727.99,454.43,1167.77,1239.1
10728,10751.99,453.43,1166.77,1238.1
10752,10775.99,452.43,1165.77,1237.1
10776,10799.99,451.43,1164.77,1236.1
10800,10823.99,450.43,1163.77,1235.1
10824,10847.99,449.43,1162.77,1234.1
10848,10871.99,448.43,1161.77,1233.1
10872,10895.99,447.43,1160.77,1232.1
10896,10919.99,446.43,1159.77,1231.1
10920,10943.99,445.43,1158.77,1230.1
10944,10967.99,444.43,1157.77,1229.1
10968,10991.99,443.43,1156.77,1228.1
10992,11015.99,442.43,1155.77,1227.1
11016,11039.99,441.43,1154.77,1226.1
11040,11063.99,440.43,1153.77,1225.1
11064,11087.99,439.43,1152.77,1224.1
11088,11111.99,438.43,1151.77,1223.1
11112,11135.99,437.43,1150.77,1222.1
11136,11159.99,436.43,1149.77,1221.1
11160,11183.99,435.43,1148.77,1220.1
11184,11207.99,434.43,1147.77,1219.1
11208,11231.99,433.43,1146.77,1218.1
11232,11255.99,432.43,1145.77,1217.1
11256,11279.99,431.43,1144.77,1216.1
11280,11303.99,430.43,1143.77,1215.1
11304,11327.99,429.43,1142.77,1214.1
11328,11351.99,428.43,1141.77,1213.1
11352,11375.99,427.43,1140.77,1212.1
11376,11399.99,426.43,1139.77,1211.1
11400,11423.99,425.43,1138.77,1210.1
11424,11447.99,424.43,1137.77,1209.1
11448,11471.99,423.43,1136.77,1208.1
11472,11495.99,422.43,1135.77,1207.1
11496,11519.99,421.43,1134.77,1206.1
11520,11543.99,420.43,1133.77,1205.1
11544,11567.99,419.43,1132.77,1204.1
11568,11591.99,418.43,1131.77,1203.1
11592,11615.99,417.43,1130.77,1202.1
11616,11639.99,416.43,1129.77,1201.1
11640,11663.99,415.43,1128.77,1200.1
11664,11687.99,414.43,1127.77,1199.1
11688,11711.99,413.43,1126.77,1198.1
11712,11735.99,412.43,1125.77,1197.1
11736,11759.99,411.43,1124.77,1196.1
11760,11783.99,410.43,1123.77,1195.1
11784,11807.99,409.43,1122.77,1194.1
11808,11831.99,408.43,1121.77,1193.1
11832,11855.99,407.43,1120.77,1192.1
11856,11879.99,406.43,1119.77,1191.1
11880,11903.99,405.43,1118.77,1190.1
11904,11927.99,404.43,1117.77,1189.1
11928,11951.99,403.43,1116.77,1188.1
11952,11975.99,402.43,1115.77,1187.1
11976,11999.99,401.43,1114.77,1186.1
12000,12023.99,400.43,1113.77,1185.1
12024,12047.99,399.43,1112.77,1184.1
12048,12071.99,398.43,1111.77,1183.1
12072,12095.99,397.43,1110.77,1182.1
12096,12119.99,396.43,1109.77,1181.1
12120,12143.99,395.43,1108.77,1180.1
12144,12167.99,394.43,1107.77,1179.1
12168,12191.99,393.43,1106.77,1178.1
12192,12215.99,392.43,1105.77,1177.1
12216,12239.99,391.43,1104.77,1176.1
12240,12263.99,390.43,1103.77,1175.1
12264,12287.99,389.43,1102.77,1174.1
12288,12311.99,388.43,1101.77,1173.1
12312,12335.99,387.43,1100.77,1172.1
12336,12359.99,386.43,1099.77,1171.1
12360,12383.99,385.43,1098.77,1170.1
12384,12407.99,384.43,1097.77,1169.1
12408,12431.99,383.43,1096.77,1168.1
12432,12455.99,382.43,1095.77,1167.1
12456,12479.99,381.43,1094.77,1166.1
12480,12503.99,380.43,1093.77,1165.1
12504,12527.99,379.43,1092.77,1164.1
12528,12551.99,378.43,1091.77,1163.1
12552,12575.99,377.43,1090.77,1162.1
12576,12599.99,376.43,1089.77,1161.1
12600,12623.99,375.43,1088.77,1160.1
12624,12647.99,374.43,1087.77,1159.1
12648,12671.99,373.43,1086.77,1158.1
12672,12695.99,372.43,1085.77,1157.1
12696,12719.99,371.43,1084.77,1156.1
12720,12743.99,370.43,1083.77,1155.1
12744,12767.99,369.43,1082.77,1154.1
12768,12791.99,368.43,1081.77,1153.1
12792,12815.99,367.43,1080.77,1152.1
12816,12839.99,366.43,1079.77,1151.1
12840,12863.99,365.43,1078.77,1150.1
12864,12887.99,364.43,1077.77,1149.1
12888,12911.99,363.43,1076.77,1148.1
12912,12935.99,362.43,1075.77,1147.1
12936,12959.99,361.43,1074.77,1146.1
12960,12983.99,360.43,1073.77,1145.1
12984,13007.99,359.43,1072.77,1144.1
13008,13031.99,358.43,1071.77,1143.1
13032,13055.99,357.43,1070.77,1142.1
13056,13079.99,356.43,1069.77,1141.1
13080,13103.99,355.43,1068.77,1140.1
13104,13127.99,354.43,1067.77,1139.1
13128,13151.99,353.43,1066.77,1138.1
13152,13175.99,352.43,1065.77,1137.1
13176,13199.99,351.43,1064.77,1136.1
13200,13223.99,350.43,1063.77,1135.1
13224,13247.99,349.43,1062.77,1134.1
13248,13271.99,348.43,1061.77,1133.1
13272,13295.99,347.43,1060.77,1132.1
13296,13319.99,346.43,1059.77,1131.1
13320,13343.99,345.43,1058.77,1130.1
13344,13367.99,344.43,1057.77,1129.1
13368,13391.99,343.43,1056.77,1128.1
13392,13415.99,342.43,1055.77,1127.1
13416,13439.99,341.43,1054.77,1126.1
13440,13463.99,340.43,1053.77,1125.1
13464,13487.99,339.43,1052.77,1124.1
13488,13511.99,338.43,1051.77,1123.1
13512,13535.99,337.43,1050.77,1122.1
13536,13559.99,336.43,1049.77,1121.1
13560,13583.99,335.43,1048.77,1120.1
13584,13607.99,334.43,1047.77,1119.1
13608,13631.99,333.43,1046.77,1118.1
13632,13655.99,332.43,1045.77,1117.1
13656,13679.99,331.43,1044.77,1116.1
13680,13703.99,330.43,1043.77,1115.1
13704,13727.99,329.43,1042.77,1114.1
13728,13751.99,328.43,1041.77,1113.1
13752,13775.99,327.43,1040.77,1112.1
13776,13799.99,326.43,1039.77,1111.1
13800,13823.99,325.43,1038.77,1110.1
13824,13847.99,324.43,1037.77,1109.1
13848,13871.99,323.43,1036.77,1108.1
13872,13895.99,322.43,1035.77,1107.1
13896,13919.99,321.43,1034.77,1106.1
13920,13943.99,320.43,1033.77,1105.1
13944,13967.99,319.43,1032.77,1104.1
13968,13991.99,318.43,1031.77,1103.1
13992,14015.99,317.43,1030.77,1102.1
14016,14039.99,316.43,1029.77,1101.1
14040,14063.99,315.43,1028.77,1100.1
14064,14087.99,314.43,1027.77,1099.1
14088,14111.99,313.43,1026.77,1098.1
14112,14135.99,312.43,1025.77,1097.1
14136,14159.99,311.43,1024.77,1096.1
14160,14183.99,310.43,1023.77,1095.1
14184,14207.99,309.43,1022.77,1094.1
14208,14231.99,308.43,1021.77,1093.1
14232,14255.99,307.43,1020.77,1092.1
14256,14279.99,306.43,1019.77,1091.1
14280,14303.99,305.43,1018.77,1090.1
14304,14327.99,304.43,1017.77,1089.1
14328,14351.99,303.43,1016.77,1088.1
14352,14375.99,302.43,1015.77,1087.1
14376,14399.99,301.43,1014.77,1086.1
14400,14423.99,300.43,1013.77,1085.1
14424,14447.99,299.43,1012.77,1084.1
14448,14471.99,298.43,1011.77,1083.1
14472,14495.99,297.43,1010.77,1082.1
14496,14519.99,296.43,1009.77,1081.1
14520,14543.99,295.43,1008.77,1080.1
14544,14567.99,294.43,1007.77,1079.1
14568,14591.99,293.43,1006.77,1078.1
14592,14615.99,292.43,1005.77,1077.1
14616,14639.99,291.43,1004.77,1076.1
14640,14663.99,290.43,1003.77,1075.1
14664,14687.99,289.43,1002.77,1074.1
14688,14711.99,288.43,1001.77,1073.1
14712,14735.99,287.43,1000.77,1072.1
14736,14759.99,286.43,999.77,1071.1
14760,14783.99,285.43,998.77,1070.1
14784,14807.99,284.43,997.77,1069.1
14808,14831.99,283.43,996.77,1068.1
14832,14855.99,282.43,995.77,1067.1
14856,14879.99,281.43,994.77,1066.1
14880,14903.99,280.43,993.77,1065.1
14904,14927.99,279.43,992.77,1064.1
14928,14951.99,278.43,991.77,1063.1
14952,14975.99,277.43,990.77,1062.1
14976,14999.99,276.43,989.77,1061.1
15000,15023.99,275.43,988.77,1060.1
15024,15047.99,274.43,987.77,1059.1
15048,15071.99,273.43,986.77,1058.1
15072,15095.99,272.43,985.77,1057.1
15096,15119.99,271.43,984.77,1056.1
15120,15143.99,270.43,983.77,1055.1
15144,15167.99,269.43,982.77,1054.1
15168,15191.99,268.43,981.77,1053.1
15192,15215.99,267.43,980.77,1052.1
15216,15239.99,266.43,979.77,1051.1
15240,15263.99,265.43,978.77,1050.1
15264,15287.99,264.43,977.77,1049.1
15288,15311.99,263.43,976.77,1048.1
15312,15335.99,262.43,975.77,1047.1
15336,15359.99,261.43,974.77,1046.1
15360,15383.99,260.43,973.77,1045.1
15384,15407.99,259.43,972.77,1044.1
15408,15431.99,258.43,971.77,1043.1
15432,15455.99,257.43,970.77,1042.1
15456,15479.99,256.43,969.77,1041.1
15480,15503.99,255.43,968.77,1040.1
15504,15527.99,254.43,967.77,1039.1
15528,15551.99,253.43,966.77,1038.1
15552,15575.99,252.43,965.77,1037.1
15576,15599.99,251.43,964.77,1036.1
15600,15623.99,250.43,963.77,1035.1
15624,15647.99,249.43,962.77,1034.1
15648,15671.99,248.43,961.77,1033.1
15672,15695.99,247.43,960.77,1032.1
15696,15719.99,246.43,959.77,1031.1
15720,15743.99,245.43,958.77,1030.1
15744,15767.99,244.43,957.77,1029.1
15768,15791.99,243.43,956.77,1028.1
15792,15815.99,242.43,955.77,1027.1
15816,15839.99,241.43,954.77,1026.1
15840,15863.99,240.43,953.77,1025.1
15864,15887.99,239.43,952.77,1024.1
15888,15911.99,238.43,951.77,1023.1
15912,15935.99,237.43,950.77,1022.1
15936,15959.99,236.43,949.77,1021.1
15960,15983.99,235.43,948.77,1020.1
15984,16007.99,234.43,947.77,1019.1
16008,16031.99,233.43,946.77,1018.1
16032,16055.99,232.43,945.77,1017.1
16056,16079.99,231.43,944.77,1016.1
16080,16103.99,230.43,943.77,1015.1
16104,16127.99,229.43,942.77,1014.1
16128,16151.99,228.43,941.77,1013.1
16152,16175.99,227.43,940.77,1012.1
16176,16199.99,226.43,939.77,1011.1
16200,16223.99,225.43,938.77,1010.1
16224,16247.99,224.43,937.77,1009.1
16248,16271.99,223.43,936.77,1008.1
16272,16295.99,222.43,935.77,1007.1
16296,16319.99,221.43,934.77,1006.1
16320,16343.99,220.43,933.77,1005.1
16344,16367.99,219.43,932.77,1004.1
16368,16391.99,218.43,931.77,1003.1
16392,16415.99,217.43,930.77,1002.1
16416,16439.99,216.43,929.77,1001.1
16440,16463.99,215.43,928.77,1000.1
16464,16487.99,214.43,927.77,999.1
16488,16511.99,213.43,926.77,998.1
16512,16535.99,212.43,925.77,997.1
16536,16559.99,211.43,924.77,996.1
16560,16583.99,210.43,923.77,995.1
16584,16607.99,209.43,922.77,994.1
16608,16631.99,208.43,921.77,993.1
16632,16655.99,207.43,920.77,992.1
16656,16679.99,206.43,919.77,991.1
16680,16703.99,205.43,918.77,990.1
16704,16727.99,204.43,917.77,989.1
16728,16751.99,203.43,916.77,988.1
16752,16775.99,202.43,915.77,987.1
16776,16799.99,201.43,914.77,986.1
16800,16823.99,200.43,913.77,985.1
16824,16847.99,199.43,912.77,984.1
16848,16871.99,198.43,911.77,983.1
16872,16895.99,197.43,910.77,982.1
16896,16919.99,196.43,909.77,981.1
16920,16943.99,195.43,908.77,980.1
16944,16967.99,194.43,907.77,979.1
16968,16991.99,193.43,906.77,978.1
16992,17015.99,192.43,905.77,977.1
17016,17039.99,191.43,904.77,976.1
17040,17063.99,190.43,903.77,975.1
17064,17087.99,189.43,902.77,974.1
17088,17111.99,188.43,901.77,973.1
17112,17135.99,187.43,900.77,972.1
17136,17159.99,186.43,899.77,971.1
17160,17183.99,185.43,898.77,970.1
17184,17207.99,184.43,897.77,969.1
17208,17231.99,183.43,896.77,968.1
17232,17255.99,182.43,895.77,967.1
17256,17279.99,181.43,894.77,966.1
17280,17303.99,180.43,893.77,965.1
17304,17327.99,179.43,892.77,964.1
17328,17351.99,178.43,891.77,963.1
17352,17375.99,177.43,890.77,962.1
17376,17399.99,176.43,889.77,961.1
17400,17423.99,175.43,888.77,960.1
17424,17447.99,174.43,887.77,959.1
17448,17471.99,173.43,886.77,958.1
17472,17495.99,172.43,885.77,957.1
17496,17519.99,171.43,884.77,956.1
17520,17543.99,170.43,883.77,955.1
17544,17567.99,169.43,882.77,954.1
17568,17591.99,168.43,881.77,953.1
17592,17615.99,167.43,880.77,952.1
17616,17639.99,166.43,879.77,951.1
17640,17663.99,165.43,878.77,950.1
17664,17687.99,164.43,877.77,949.1
17688,17711.99,163.43,876.77,948.1
17712,17735.99,162.43,875.77,947.1
17736,17759.99,161.43,874.77,946.1
17760,17783.99,160.43,873.77,945.1
17784,17807.99,159.43,872.77,944.1
17808,17831.99,158.43,871.77,943.1
17832,17855.99,157.43,870.77,942.1
17856,17879.99,156.43,869.77,941.1
17880,17903.99,155.43,868.77,940.1
17904,17927.99,154.43,867.77,939.1
17928,17951.99,153.43,866.77,938.1
17952,17975.99,152.43,865.77,937.1
17976,17999.99,151.43,864.77,936.1
18000,18023.99,150.43,863.77,935.1
18024,18047.99,149.43,862.77,934.1
18048,18071.99,148.43,861.77,933.1
18072,18095.99,147.43,860.77,932.1
18096,18119.99,146.43,859.77,931.1
18120,18143.99,145.43,858.77,930.1
18144,18167.99,144.43,857.77,929.1
18168,18191.99,143.43,856.77,928.1
18192,18215.99,142.43,855.77,927.1
18216,18239.99,141.43,854.77,926.1
18240,18263.99,140.43,853.77,925.1
18264,18287.99,139.43,852.77,924.1
18288,18311.99,138.43,851.77,923.1
18312,18335.99,137.43,850.77,922.1
18336,18359.99,136.43,849.77,921.1
18360,18383.99,135.43,848.77,920.1
18384,18407.99,134.43,847.77,919.1
18408,18431.99,133.43,846.77,918.1
18432,18455.99,132.43,845.77,917.1
18456,18479.99,131.43,844.77,916.1
18480,18503.99,130.43,843.77,915.1
18504,18527.99,129.43,842.77,914.1
18528,18551.99,128.43,841.77,913.1
18552,18575.99,127.43,840.77,912.1
18576,18599.99,126.43,839.77,911.1
18600,18623.99,125.43,838.77,910.1
18624,18647.99,124.43,837.77,909.1
18648,18671.99,123.43,836.77,908.1
18672,18695.99,122.43,835.77,907.1
18696,18719.99,121.43,834.77,906.1
18720,18743.99,120.43,833.77,905.1
18744,18767.99,119.43,832.77,904.1
18768,18791.99,118.43,831.77,903.1
18792,18815.99,117.43,830.77,902.1
18816,18839.99,116.43,829.77,901.1
18840,18863.99,115.43,828.77,900.1
18864,18887.99,114.43,827.77,899.1
18888,18911.99,113.43,826.77,898.1
18912,18935.99,112.43,825.77,897.1
18936,18959.99,111.43,824.77,896.1
18960,18983.99,110.43,823.77,895.1
18984,19007.99,109.43,822.77,894.1
19008,19031.99,108.43,821.77,893.1
19032,19055.99,107.43,820.77,892.1
19056,19079.99,106.43,819.77,891.1
19080,19103.99,105.43,818.77,890.1
19104,19127.99,104.43,817.77,889.1
19128,19151.99,103.43,816.77,888.1
19152,19175.99,102.43,815.77,887.1
19176,19199.99,101.43,814.77,886.1
19200,19223.99,100.43,813.77,885.1
19224,19247.99,99.43,812.77,884.1
19248,19271.99,98.43,811.77,883.1
19272,19295.99,97.43,810.77,882.1
19296,19319.99,96.43,809.77,881.1
19320,19343.99,95.43,808.77,880.1
19344,19367.99,94.43,807.77,879.1
19368,19391.99,93.43,806.77,878.1
19392,19415.99,92.43,805.77,877.1
19416,19439.99,91.43,804.77,876.1
19440,19463.99,90.43,803.77,875.1
19464,19487.99,89.43,802.77,874.1
19488,19511.99,88.43,801.77,873.1
19512,19535.99,87.43,800.77,872.1
19536,19559.99,86.43,799.77,871.1
19560,19583.99,85.43,798.77,870.1
19584,19607.99,84.43,797.77,869.1
19608,19631.99,83.43,796.77,868.1
19632,19655.99,82.43,795.77,867.1
19656,19679.99,81.43,794.77,866.1
19680,19703.99,80.43,793.77,865.1
19704,19727.99,79.43,792.77,864.1
19728,19751.99,78.43,791.77,863.1
19752,19775.99,77.43,790.77,862.1
19776,19799.99,76.43,789.77,861.1
19800,19823.99,75.43,788.77,860.1
19824,19847.99,74.43,787.77,859.1
19848,19871.99,73.43,786.77,858.1
19872,19895.99,72.43,785.77,857.1
19896,19919.99,71.43,784.77,856.1
19920,19943.99,70.43,783.77,855.1
19944,19967.99,69.43,782.77,854.1
19968,19991.99,68.43,781.77,853.1
19992,20015.99,67.43,780.77,852.1
20016,20039.99,66.43,779.77,851.1
20040,20063.99,65.43,778.77,850.1
20064,20087.99,64.43,777.77,849.1
20088,20111.99,63.43,776.77,848.1
20112,20135.99,62.43,775.77,847.1
20136,20159.99,61.43,774.77,846.1
20160,20183.99,60.43,773.77,845.1
20184,20207.99,59.43,772.77,844.1
20208,20231.99,58.43,771.77,843.1
20232,20255.99,57.43,770.77,842.1
20256,20279.99,56.43,769.77,841.1
20280,20303.99,55.43,768.77,840.1
20304,20327.99,54.43,767.77,839.1
20328,20351.99,53.43,766.77,838.1
20352,20375.99,52.43,765.77,837.1
20376,20399.99,51.43,764.77,836.1
20400,20423.99,50.43,763.77,835.1
20424,20447.99,49.43,762.77,834.1
20448,20471.99,48.43,761.77,833.1
20472,20495.99,47.43,760.77,832.1
20496,20519.99,46.43,759.77,831.1
20520,20543.99,45.43,758.77,830.1
20544,20567.99,44.43,757.77,829.1
20568,20591.99,43.43,756.77,828.1
20592,20615.99,42.43,755.77,827.1
20616,20639.99,41.43,754.77,826.1
20640,20663.99,40.43,753.77,825.1
20664,20687.99,39.43,752.77,824.1
20688,20711.99,38.43,751.77,823.1
20712,20735.99,37.43,750.77,822.1
20736,20759.99,36.43,749.77,821.1
20760,20783.99,35.43,748.77,820.1
20784,20807.99,34.43,747.77,819.1
20808,20831.99,33.43,746.77,818.1
20832,20855.99,32.43,745.77,817.1
20856,20879.99,31.43,744.77,816.1
20880,20903.99,30.43,743.77,815.1
20904,20927.99,29.43,742.77,814.1
20928,20951.99,28.43,741.77,813.1
20952,20975.99,27.43,740.77,812.1
20976,20999.99,26.43,739.77,811.1
21000,21023.99,25.43,738.77,810.1
21024,21047.99,24.43,737.77,809.1
21048,21071.99,23.43,736.77,808.1
21072,21095.99,22.43,735.77,807.1
21096,21119.99,21.43,734.77,806.1
21120,21143.99,20.43,733.77,805.1
21144,21167.99,19.43,732.77,804.1
21168,21191.99,18.43,731.77,803.1
21192,21215.99,17.43,730.77,802.1
21216,21239.99,16.43,729.77,801.1
21240,21263.99,15.43,728.77,800.1
21264,21287.99,14.43,727.77,799.1
21288,21311.99,13.43,726.77,798.1
21312,21335.99,12.43,725.77,797.1
21336,21359.99,11.43,724.77,796.1
21360,21383.99,10.43,723.77,795.1
21384,21407.99,9.43,722.77,794.1
21408,21431.99,8.43,721.77,793.1
21432,21455.99,7.43,720.77,792.1
21456,21479.99,6.43,719.77,791.1
21480,21503.99,5.43,718.77,790.1
21504,21527.99,4.43,717.77,789.1
21528,21551.99,3.43,716.77,788.1
21552,21575.99,2.43,715.77,787.1
21576,21599.99,1.43,714.77,786.1
21600,21623.99,0.43,713.77,785.1
